route,vehicle_no,total_stopped,total_moving,total_idle
athagarh - alwar,OD05Z2005,56.8983333334,2.64,0.0
athagarh - bhiwandi,WB25G4457,3.79805555556,17.4477777778,0.0
athagarh - faridabad,OD11A2306,4.20472222222,0.678888888889,0.0
athagarh - visakhapatnam,OD05Z2005,2.98722222222,0.0925,0.0
athagarh - visakhapatnam,OD05J9266,30.6455555555,11.81,0.0
athagarh - visakhapatnam,OD05J3030,38.8172222222,12.1186111111,0.0
athagarh - visakhapatnam,OD11A2306,15.7911111111,0.266666666667,0.0
athagarh - visakhapatnam,OD05AC8545,33.0838888889,11.0461111111,0.0
athagarh - visakhapatnam,OD05AC5222,17.1425,0.316666666667,0.0
athagarh - visakhapatnam,OR05AR4275,14.2427777778,3.5175,0.0
athagarh - visakhapatnam,OD05AC5123,1.85055555555,0.0,0.0
athagarh - visakhapatnam,OR05AA6215,0.0166666666667,0.0,0.0
bamaloi - faridabad,RJ05GC1121,75.4955555555,20.4480555556,0.0
bamaloi - faridabad,RJ02GB1868,15.8311111111,0.551666666666,0.0
bamaloi - visakhapatnam,AP26TB1119,21.9152777778,16.4555555556,0.0
bamaloi - visakhapatnam,AP22W0027,14.6725,3.43638888889,0.0
bamaloi - visakhapatnam,AP30V9459,28.2019444445,15.7175,0.0
bamaloi - visakhapatnam,AP16TE0589,31.3330555555,17.6202777778,0.0
bamaloi - visakhapatnam,AP16TE0559,33.0175,17.2727777778,0.0
bamaloi - visakhapatnam,AP15X4679,9.21111111111,4.37944444445,0.0
bamaloi - visakhapatnam,AP31TA3789,32.3652777778,35.5263888889,0.0
bamaloi - visakhapatnam,AP31TD2347,31.6175,17.9616666667,0.0
bamaloi - visakhapatnam,AP31TD2479,25.87,17.2302777778,0.0
bamaloi - visakhapatnam,AP31TD2889,32.0325,17.9125,0.0
bamaloi - visakhapatnam,AP26TD9162,1.80277777778,0.0,0.0
bamaloi - visakhapatnam,AP31TH2527,2.55361111112,0.0,0.0
bamaloi - visakhapatnam,AP31TH5767,10.8261111111,0.0,0.0
bamaloi - visakhapatnam,AP31TU1458,3.31861111111,3.3025,6.19194444444
bamaloi - visakhapatnam,OD15J2255,0.379166666667,0.0,0.0
bamaloi - visakhapatnam,OD15G7367,18.3811111111,1.46666666667,0.0
bamaloi - visakhapatnam,OD15G3917,19.0433333333,0.0166666666667,0.0
bamaloi - visakhapatnam,AP35X9666,5.83611111111,0.4,0.0
bamaloi - visakhapatnam,OD15F9185,2.80305555555,0.0,0.0
bamaloi - visakhapatnam,OD15F4951,8.18694444445,0.0666666666667,0.0
bamaloi - visakhapatnam,OD15E8660,10.8202777778,6.50166666667,0.0
bamaloi - visakhapatnam,AP16TC4479,2.50305555555,0.0,0.0
bamaloi - visakhapatnam,AP05TG0018,29.4008333333,16.4036111111,0.0
bamaloi - visakhapatnam,AP05TD7128,32.2294444444,16.6955555556,0.0
bamaloi - visakhapatnam,AP35W2385,51.4441666667,22.7675,21.7338888889
bamaloi - visakhapatnam,AP35W0429,0.549166666667,0.0,0.0
bamaloi - visakhapatnam,AP35V8979,0.283333333333,0.0,0.0
bamaloi - visakhapatnam,AP35V8898,17.6588888889,2.45444444444,0.0
bamaloi - visakhapatnam,AP07TA9997,6.70361111111,3.86861111111,0.0
bamaloi - visakhapatnam,AP35V1989,31.2819444445,16.9097222222,0.0
bamaloi - visakhapatnam,AP31X6127,12.3583333333,3.53861111111,0.0
bamaloi - visakhapatnam,AP31TW6458,6.36805555555,0.0,0.0
bamaloi - visakhapatnam,AP16TD4977,2.31944444445,0.0,0.0
bamnipal - ahmedabad,OD04H9912,5.07138888889,3.24583333333,0.0
bamnipal - ahmedabad,GJ03BV2968,0.75,0.0,0.0
bamnipal - alwar,RJ14GA0405,1.11694444444,0.183333333333,0.0
bamnipal - bhiwandi,RJ02GB1025,56.1336111111,13.5075,0.0
bamnipal - bhiwandi,PB02CR4127,0.383333333333,0.0,0.0
bamnipal - bhiwandi,OD09F1679,76.1994444444,19.7294444444,0.0
bamnipal - bhiwandi,WB892077,47.5272222222,43.6363888889,0.0
bamnipal - bhiwandi,GJ03BT3983,0.317222222222,1.08583333333,0.0
bamnipal - bhiwandi,OD02N6575,4.73972222223,0.116666666667,0.0
bamnipal - bhiwandi,WB25G7200,16.6241666667,11.0966666667,0.0
bamnipal - bhiwandi,WB25G4457,52.1986111111,43.735,0.0
bamnipal - faridabad,RJ02B5187,13.38,3.17361111111,0.0
bamnipal - faridabad,RJ02GA7198,58.5022222222,29.1916666667,0.0
bamnipal - jajpur,OR09K4266,9.99361111111,0.510277777778,0.0
bamnipal - jajpur,OR09H2027,6.71527777777,1.63583333333,0.0
bamnipal - jajpur,OR09G7381,4.33277777777,1.78861111111,0.0
bamnipal - jajpur,OR09L2636,5.7163888889,1.46361111111,1.65055555556
bamnipal - jajpur,OR16C1262,10.1958333333,1.63694444445,0.0
bamnipal - jajpur,OR16C0358,17.7633333333,3.58416666667,0.0
bamnipal - jajpur,OR09L6951,7.74027777779,1.33944444444,0.0
bamnipal - jajpur,OR09M0061,1.13055555556,0.645833333333,0.0
bamnipal - jajpur,OR14S1812,14.3841666667,1.85416666667,0.0
bamnipal - jajpur,OR09M1023,4.77249999999,1.53694444445,0.0
bamnipal - jajpur,OR14M4209,7.32583333333,0.882777777778,3.01972222222
bamnipal - jajpur,OR16D1985,2.68388888888,0.0,0.0
bamnipal - jajpur,OR14L4891,7.87138888889,2.03583333333,0.0
bamnipal - jajpur,OR09M2074,4.44722222222,1.28388888889,6.48972222222
bamnipal - jajpur,OR09F2917,7.68777777777,1.42,0.0
bamnipal - jajpur,OR14K5433,1.27111111111,0.778888888889,0.0
bamnipal - jajpur,OR09L0237,10.5663888889,3.03972222222,5.47861111111
bamnipal - jajpur,OR09F0973,3.55972222222,1.13833333333,0.0
bamnipal - jajpur,OR09E3566,11.3977777778,1.66472222222,0.0
bamnipal - jajpur,OR09M3557,8.70555555556,1.61611111111,0.0
bamnipal - jajpur,OR09P2260,2.94944444444,1.47027777778,3.54611111111
bamnipal - jajpur,OR09F7045,14.3497222222,1.78138888889,0.0
bamnipal - jajpur,OR16D2023,5.22222222222,0.292777777778,0.0
bamnipal - jajpur,OR09D6367,4.24083333334,1.20027777778,0.0
bamnipal - jajpur,OR09H9800,7.72222222222,1.40638888889,0.0
bamnipal - jajpur,OR09K3058,14.0430555556,1.43722222222,0.0
bamnipal - jajpur,OR09K0997,2.11972222222,0.0,0.0
bamnipal - jajpur,OR16D4133,4.25861111111,1.48083333333,0.0
bamnipal - jajpur,OR04E8221,10.6808333333,0.0166666666667,0.0
bamnipal - jajpur,OR09K0935,20.2713888889,1.67638888889,0.0
bamnipal - jajpur,OR09K0672,10.0905555556,1.05083333333,1.50277777778
bamnipal - jajpur,OR09J4955,0.716666666667,0.0,0.0
bamnipal - jajpur,OR09J1446,2.15277777778,0.0,0.0
bamnipal - jajpur,OR09K1860,7.57166666667,1.46305555555,0.0
bamnipal - jajpur,OSU2241,10.2625,1.62277777778,0.0
bamnipal - jajpur,OR04E4856,9.32388888888,1.69805555556,0.0
bamnipal - jajpur,OR09H8065,9.9236111111,1.67944444444,0.0
bamnipal - jajpur,OR09C8255,4.72694444444,1.35444444445,0.0
bamnipal - jajpur,OR09C8597,0.266666666667,0.0,0.0
bamnipal - jajpur,OR09H4188,10.8886111111,1.64444444444,0.0
bamnipal - jamshedpur,OR04H9312,35.3355555556,5.43861111111,0.0
bamnipal - paradip,OR09F1529,0.0666666666667,0.0166666666667,0.0
bamnipal - paradip,OR09Q2793,1.04972222222,0.0,0.0
bamnipal - paradip,OR09E3566,10.3458333333,0.0333333333333,0.0
bamnipal - paradip,OR09D9562,11.1994444444,0.0,0.0
bamnipal - paradip,OR09C8238,0.138333333333,0.0,0.0
bamnipal - paradip,OR09K3113,4.57222222223,0.05,0.0
bamnipal - paradip,OR09C3777,1.01361111111,0.0,0.0
bamnipal - paradip,OR09L2636,0.0,0.0,1.87527777778
bamnipal - paradip,OR16D4598,3.65222222223,0.116666666667,0.0
bamnipal - paradip,OR09N6534,0.0166666666667,0.0,0.0
bamnipal - paradip,OR16D4650,10.3744444445,0.0166666666667,0.0
bamnipal - paradip,OR09M2074,9.19472222222,0.0333333333333,0.0
bamnipal - paradip,OR16D2133,7.85888888888,0.0,0.0
bamnipal - paradip,OR09F7941,9.12416666667,0.0,0.0
bamnipal - paradip,OR16B3550,10.3,0.0166666666667,0.0
bamnipal - paradip,OR09J0946,12.3063888889,0.0,0.0
bamnipal - paradip,OR16D2023,10.3141666667,0.05,0.0
bamnipal - paradip,OR09F8759,14.2766666667,0.0,0.0
bamnipal - paradip,OR09G6730,9.11194444445,0.0333333333333,0.0
bamnipal - paradip,OR09F4078,10.3475,0.0166666666667,0.0
bamnipal - paradip,OR09D6367,1.71333333333,0.0,10.6125
bamnipal - paradip,OR16C2315,11.1869444444,0.0,0.0
bamnipal - paradip,OR09H4414,1.14861111111,0.0,10.0641666667
bamnipal - paradip,OR16D1037,1.60638888889,0.0163888888889,12.14
bamnipal - visakhapatnam,OD07P1065,1.69944444445,0.0,0.0
bamnipal - visakhapatnam,OR09N5271,79.9694444444,12.5852777778,3.38638888889
bamnipal - visakhapatnam,OD07T3306,30.4011111111,13.65,0.0
bamnipal - visakhapatnam,OD04K0213,5.98638888888,0.592777777778,0.0
bamnipal - visakhapatnam,OD07P1067,0.4,0.0166666666667,0.0
bamnipal - visakhapatnam,OD34D2395,76.6205555556,19.3186111111,0.0
bamnipal - visakhapatnam,OD05R9809,95.9183333334,0.0166666666667,0.0
bamnipal - visakhapatnam,AP30V9279,2.95333333333,0.0,0.0
bamnipal - visakhapatnam,OD07P1060,30.2711111111,13.2502777778,0.0
bamnipal - visakhapatnam,OR09P2795,6.76,0.6475,0.0
bamnipal - visakhapatnam,OD07K0383,38.2147222222,16.1377777778,0.0
bamnipal - visakhapatnam,OD07J1047,0.216388888888,0.0,0.0
bamnipal - visakhapatnam,AP31TG9129,0.197777777778,0.0,0.0
bamnipal - visakhapatnam,OR09K3947,59.0077777778,15.0058333333,0.0
bamnipal - visakhapatnam,AP30TA5769,2.11805555555,0.0,0.0
bamnipal - visakhapatnam,AP31TA4559,2.50611111111,4.93166666667,0.0
bamnipal - visakhapatnam,AP30Y4849,0.3,0.0,0.0
bamnipal - visakhapatnam,AP30W3699,26.0941666667,7.54222222222,0.0
bamnipal - visakhapatnam,AP30W3499,0.956944444444,0.0,0.0
dhenkanal - ahmedabad,GJ03BV9248,21.65,30.9011111111,0.0
dhenkanal - ahmedabad,GJ03BV8878,0.0,0.0,0.0
dhenkanal - ahmedabad,GJ03BV9648,30.9808333333,18.9125,0.0
dhenkanal - faridabad,RJ40GA0981,12.7427777778,1.51666666667,0.0
dhenkanal - faridabad,HR74A9003,1.4225,0.0,0.0
dhenkanal - faridabad,HR38U4603,1.31666666667,0.0,0.0
dhenkanal - visakhapatnam,OR09D8796,32.7363888889,11.6086111111,0.0
dhenkanal - visakhapatnam,OR09F4337,4.65833333333,0.0,0.0
dhenkanal - visakhapatnam,OR09H1510,13.4416666667,0.803055555556,0.0
dhenkanal - visakhapatnam,OR09H3412,1.26666666667,0.166666666667,0.0
dhenkanal - visakhapatnam,OR05AS5207,4.43194444445,0.0333333333333,0.0
dhenkanal - visakhapatnam,OR19C1482,6.0111111111,0.627499999999,0.0
dhenkanal - visakhapatnam,PB13Z8965,4.67444444444,0.178611111111,0.611944444445
dhenkanal - visakhapatnam,OR19D1944,26.9497222222,13.4055555555,0.0
dhenkanal - visakhapatnam,OR19M1877,0.683333333333,0.0,0.0
dhenkanal - visakhapatnam,OR19K2841,5.15583333333,0.1,0.0
dhenkanal - visakhapatnam,OR19K0729,61.1630555556,14.2905555556,3.67194444444
dhenkanal - visakhapatnam,OR19G5229,40.6152777778,13.5713888889,3.96583333333
dhenkanal - visakhapatnam,OR19F9475,47.3627777778,15.2305555556,0.0
dhenkanal - visakhapatnam,OR09N9512,2.88611111112,0.0166666666667,0.0
dhenkanal - visakhapatnam,OR09L2313,1.59972222222,0.0,0.0
dhenkanal - visakhapatnam,OR05AQ4791,1.63333333333,0.0,0.0
dhenkanal - visakhapatnam,OD05E2545,11.7458333333,2.3025,0.0
dhenkanal - visakhapatnam,OD05AD7040,3.75222222222,0.0,0.0
dhenkanal - visakhapatnam,OD05AD2545,39.6102777778,13.6033333333,0.0
dhenkanal - visakhapatnam,AP04TT0034,1.49944444445,0.0,0.0
dhenkanal - visakhapatnam,AP05TA1926,4.9725,0.0166666666667,0.0
dhenkanal - visakhapatnam,AP05TA4138,35.1563888889,13.1619444444,0.0
dhenkanal - visakhapatnam,AP05TT5699,4.28888888889,0.233333333333,0.0
dhenkanal - visakhapatnam,AP05TU8779,14.9858333333,7.48083333333,0.0
dhenkanal - visakhapatnam,AP16TY8447,1.0,0.0,0.0
dhenkanal - visakhapatnam,AP16TY4828,0.925,0.0,0.0
dhenkanal - visakhapatnam,AP16TB8979,1.13277777778,0.0,0.0
dhenkanal - visakhapatnam,OR05AR9245,61.8533333333,12.3513888889,0.0
dhenkanal - visakhapatnam,UP82T4629,3.43666666667,0.0,0.0
dhenkanal - visakhapatnam,AP16TE6049,11.8511111111,1.40305555556,0.0
dhenkanal - visakhapatnam,TS05UA8768,7.35777777778,1.70277777778,0.0
dhenkanal - visakhapatnam,OD05H2607,2.55305555556,0.05,0.0
dhenkanal - visakhapatnam,OD05H2707,3.08972222223,0.0333333333333,0.0
dhenkanal - visakhapatnam,OD05AC7057,1.80805555555,0.0,0.0
dhenkanal - visakhapatnam,OD05N6515,2.73666666667,0.0166666666667,0.0
dhenkanal - visakhapatnam,OR05AL5559,30.1186111111,13.5891666667,0.0
dhenkanal - visakhapatnam,JH09AC3347,3.50944444445,0.0,0.0
dhenkanal - visakhapatnam,OR05AD2507,1.1,0.0,0.0
dhenkanal - visakhapatnam,OD35B4786,3.51944444445,0.0,0.0
dhenkanal - visakhapatnam,OD19J9951,42.0988888889,12.7811111111,0.0
dhenkanal - visakhapatnam,OD19J1122,18.2319444444,1.07638888889,0.0
dhenkanal - visakhapatnam,OD05N6415,3.16944444445,0.0666666666667,0.0
dhenkanal - visakhapatnam,OD19G5229,5.90361111111,0.025,0.368611111112
dhenkanal - visakhapatnam,OD07R5253,3.99305555556,0.0169444444445,0.0
dhenkanal - visakhapatnam,TS05UC3368,1.06666666667,0.0,0.0
dhenkanal - visakhapatnam,AP31TG1179,12.2797222222,7.78638888889,0.0
dhenkanal - visakhapatnam,AP31TB4579,10.1938888889,15.0447222222,0.0
dhenkanal - visakhapatnam,AP31TG3434,17.6822222222,12.0386111111,0.0
dhenkanal - visakhapatnam,OD05S2907,6.12111111112,0.0,0.0
dhenkanal - visakhapatnam,OD05Z0207,18.9652777778,0.186388888888,0.0
dhenkanal - visakhapatnam,AP31TH5279,16.3527777778,0.0988888888888,0.0
dhenkanal - visakhapatnam,AP31TG2556,0.2,0.0,0.0
duburi - chennai,OD04K2963,0.0,9.49972222222,38.0008333333
duburi - chennai,OD04K2961,0.0,3.24999999999,20.4997222222
"duburi, jajpur - ahmedabad",OD04K3548,0.0,24.2511111111,46.9994444444
"duburi, jajpur - ahmedabad",NL01N1075,0.0,29.4947222222,65.5049999999
"duburi, jajpur - ahmedabad",OD04K4372,0.0,12.9980555555,82.0019444445
"duburi, jajpur - bahadurgarh",OD04K3548,0.0,2.50027777778,21.25
"duburi, jajpur - bahadurgarh",OD04K3541,0.0,30.4994444444,64.5011111111
"duburi, jajpur - bahadurgarh",OD04K3772,0.0,30.2647222222,64.7361111112
"duburi, jajpur - bahadurgarh",OD04K3775,0.0,22.7327777778,72.2677777778
"duburi, jajpur - bahadurgarh",OD04K3549,0.0,2.50027777778,21.25
"duburi, jajpur - bahadurgarh",OD04K3769,0.0,26.2533333333,68.7472222222
"duburi, jajpur - changodar",OD04K3549,0.0,23.2511111111,47.9994444444
"duburi, jajpur - chennai",OD04K3203,0.0,17.2494444444,77.7494444444
"duburi, jajpur - chennai",OD04K3361,0.0,9.49972222223,38.0011111111
"duburi, jajpur - chennai",OD04K3790,0.0,17.4997222222,77.5
"duburi, jajpur - chennai",OD04K3784,0.0,27.5016666667,67.4988888889
"duburi, jajpur - chennai",OD04K3096,0.0,17.2477777778,30.2516666667
"duburi, jajpur - chennai",OD04K4368,0.0,4.74944444444,90.2508333334
"duburi, jajpur - chennai",OD04K3783,0.0,12.7505555556,82.2491666666
"duburi, jajpur - chennai",OD04K3095,0.0,15.4997222222,79.5
"duburi, jajpur - chennai",OD04K3205,0.0,16.4986111111,54.7511111111
"duburi, jajpur - chennai",OD04K2961,0.0,0.499722222222,70.7502777778
"duburi, jajpur - chennai",OD04K3781,0.0,5.24861111111,18.5011111111
"duburi, jajpur - chennai",OD04K3362,0.0,30.2538888889,64.7466666667
"duburi, jajpur - faridabad",OD04K3762,0.0,18.0008333333,76.9994444444
"duburi, jajpur - faridabad",OD04K3768,0.0,25.7436111111,69.2566666667
"duburi, jajpur - faridabad",OD04K3542,0.0,26.7533333333,68.2458333333
"duburi, jajpur - faridabad",OD04K3778,0.0,19.5125,75.4866666667
"duburi, jajpur - ghaziabad",OD04K4354,0.0,7.25,87.7505555554
"duburi, jajpur - hyderabad",OD04K4379,0.0,3.00611111111,44.4936111111
"duburi, jajpur - hyderabad",OD04K4378,0.0,26.0022222222,68.9975
"duburi, jajpur - hyderabad",OD04K4377,0.0,31.2505555556,63.75
"duburi, jajpur - hyderabad",OD04K4357,0.0,24.7375,70.2608333333
"duburi, jajpur - hyderabad",OD04K3777,0.0,16.2497222222,78.7502777778
"duburi, jajpur - hyderabad-dist. medak",OD04K4379,0.0,0.25,47.2502777778
"duburi, jajpur - hyderabad-dist. medak",OD04K3781,0.0,11.0005555556,60.2488888888
"duburi, jajpur - hyderabad-dist. medak",OD04K3761,0.0,9.25,85.7491666666
"duburi, jajpur - hyderabad-dist. medak",OD04K3770,0.0,11.7502777778,83.2491666666
"duburi, jajpur - hyderabad-dist. medak",OD04K3360,0.0,15.4819444444,79.5186111111
"duburi, jajpur - hyderabad-dist. medak",AP16TA0969,2.93583333334,0.0166666666667,0.0
"duburi, jajpur - ludhiana",OD04K3763,0.0,40.2644444444,54.7363888889
"duburi, jajpur - thiruninravur",OD04K3363,0.0,19.4866666667,75.513888889
"duburi, jajpur - vishakapatnam",OD04K4367,0.0,21.5036111111,73.4958333333
"duburi, jajpur - vishakapatnam",OD04K3361,0.0,14.7458333333,32.7538888889
"duburi, jajpur - vishakapatnam",OD04K3782,0.0,21.4911111111,73.5088888889
"duburi, jajpur - vishakapatnam",OD04K3753,0.0,14.4994444445,80.5002777778
"duburi, jajpur - vishakapatnam",OD04K4355,0.0,23.9969444445,71.0033333333
"duburi, jajpur - vishakapatnam",OD04K4353,0.0,14.0005555555,80.9986111112
"duburi, jajpur - vishakapatnam",OD04K3779,0.0,14.2591666667,80.7397222222
"duburi, jajpur - vishakapatnam",OD04K3096,0.0,0.750833333333,46.7491666666
"duburi, jajpur - vishakapatnam",OD04K3752,0.0,14.4997222222,80.4994444444
"duburi, jajpur - vishakhapatnam",OD04K3205,0.0,0.0,23.75
"duburi, jajpur - vishakhapatnam",OD04K3097,0.0,17.9969444444,77.0025
"duburi, jajpur - vishakhapatnam",OD04K3546,0.0,25.7477777778,69.2522222222
"duburi, jajpur - vishakhapatnam",OD04K2963,0.0,7.5,40.0
"duburi, jajpur - vishakhapatnam",OD04K3545,0.0,16.7513888889,78.2477777778
"duburi, jajpur - vishakhapatnam",OD04K3780,0.0,24.7475,70.2516666667
durgapur - duburi,OR04J0668,76.6858333333,13.3725,0.0
faridabad - asaudah,HR38U0373,14.3072222222,1.46444444444,8.22027777778
faridabad - asaudah,HR38U2381,16.0188888889,5.40472222222,2.5675
faridabad - asaudah,HR38U4984,0.0,3.29166666667,20.7041666667
faridabad - asaudah,HR38U6751,80.0827777778,9.99694444444,5.86972222222
faridabad - asaudah,HR38U6754,21.8141666667,1.03611111111,1.13888888889
faridabad - asaudah,HR38W3372,3.98083333333,4.34416666667,15.6691666667
faridabad - asaudah,HR38V2119,17.5213888889,0.702777777777,5.75638888888
faridabad - asaudah,HR38U7837,81.5825,7.51222222222,6.85
faridabad - asaudah,HR38U8860,15.5305555556,5.11888888889,3.34222222222
faridabad - bawal,HR38X3805,0.0,1.295,22.6988888889
faridabad - bawal,HR61C4601,79.7099999999,16.2261111111,0.0
faridabad - dharuhera,HR61C3814,51.1083333333,8.68166666667,0.0
faridabad - faridabad rly sdg,HR38Q6406,93.4738888888,0.235833333333,2.2125
faridabad - faridabad rly sdg,HR38S5880,85.9830555556,5.29583333333,4.67111111111
faridabad - faridabad rly sdg,HR38S4160,91.3205555555,4.62138888889,0.0
faridabad - faridabad rly sdg,HR38S4159,0.0,4.31527777778,91.6594444444
faridabad - faridabad rly sdg,HR38X3805,0.0,0.0,23.9894444445
faridabad - faridabad rly sdg,HR38S4156,76.3302777778,0.233055555556,19.3736111111
faridabad - faridabad rly sdg,HR38R4523,67.0158333333,1.57861111111,3.3625
faridabad - faridabad rly sdg,HR38S3223,24.9805555556,5.26916666667,1.29333333333
faridabad - faridabad rly sdg,HR38S3222,85.9497222223,6.23444444445,3.74222222222
faridabad - faridabad rly sdg,HR38X6281,44.6741666666,3.28666666667,0.0
faridabad - faridabad rly sdg,HR38X5586,0.0,0.0,23.0
faridabad - faridabad rly sdg,HR38R9328,106.660277778,0.1,0.0
faridabad - faridabad rly sdg,HR38S5883,85.29,5.35638888889,5.28027777778
faridabad - faridabad rly sdg,HR38R4527,85.8908333333,5.21083333333,4.83388888889
faridabad - faridabad rly sdg,HR38R4525,90.5149999999,2.79444444444,2.65611111111
faridabad - faridabad rly sdg,HR38R4524,77.3772222222,9.99861111111,8.56583333333
faridabad - faridabad rly sdg,HR38Q4169,91.6738888889,4.27361111111,0.0
faridabad - faridabad rly sdg,HR38S5884,87.7530555556,2.59111111111,5.59388888889
faridabad - faridabad rly sdg,HR38U4984,0.179444444445,7.45805555555,64.3344444445
faridabad - faridabad rly sdg,HR38U6754,64.0158333334,4.30722222222,3.10944444444
faridabad - faridabad rly sdg,HR55N2730,81.1027777778,7.72833333333,7.10805555555
faridabad - faridabad rly sdg,HR38U7821,40.8375,4.06666666667,3.06138888889
faridabad - faridabad rly sdg,HR38U4981,80.1275,8.84944444444,6.97333333334
faridabad - faridabad rly sdg,HR38U2381,60.4783333333,7.54361111111,3.93583333333
faridabad - faridabad rly sdg,HR38U8495,64.1044444444,9.66166666667,22.1866666667
faridabad - faridabad rly sdg,HR38U0413,63.1119444445,11.0788888889,21.7488888889
faridabad - faridabad rly sdg,HR55M2210,82.3475,8.22972222222,5.35861111111
faridabad - faridabad rly sdg,HR38S9060,81.7325,8.83527777778,5.36194444444
faridabad - faridabad rly sdg,HR38U8860,39.8955555556,4.83194444445,3.24194444444
faridabad - faridabad rly sdg,HR38T2236,77.3347222222,11.9916666667,6.51555555556
faridabad - faridabad rly sdg,HR38W0953,41.2044444444,2.51583333333,4.23611111111
faridabad - faridabad rly sdg,HR38W3372,15.5844444444,11.4138888889,44.9769444445
faridabad - faridabad rly sdg,HR38W8943,53.5547222222,13.0080555556,5.41611111111
faridabad - faridabad rly sdg,HR38W9368,75.9769444444,10.4625,9.50666666667
faridabad - faridabad rly sdg,HR38X3735,0.0,6.24972222222,65.7311111111
faridabad - faridabad rly sdg,HR55N4299,90.1786111111,2.32444444444,3.43333333333
faridabad - faridabad rly sdg,HR38S9062,80.2605555555,0.591666666667,15.0988888889
faridabad - faridabad rly sdg,HR38V6058,66.9711111111,4.15583333333,0.767777777778
faridabad - gurgaon,HR38W0466,45.2430555555,1.45666666667,1.27111111111
faridabad - kosi kalan,HR38U0372,82.7102777778,8.80583333333,4.43333333333
faridabad - kosi kalan,HR38X4375,0.0,1.65,22.3433333333
faridabad - kosi kalan,HR38X5586,0.0,13.0002777778,55.9988888888
faridabad - kosi kalan,HR38X7996,0.0,0.0,23.9927777778
faridabad - kosi kalan,HR38U8860,20.8986111111,1.47083333333,1.62055555556
faridabad - manesar,HR38W6614,54.8280555556,4.38583333333,12.7352777778
faridabad - manesar,HR38W0466,41.8433333333,4.19805555556,1.94
faridabad - manesar,HR38W4422,1.84583333333,2.01055555555,20.1361111111
faridabad - maruti-gurgaon,HR38W4422,34.0825,3.18416666667,34.7058333333
faridabad - palwal,HR38U7823,72.4413888889,14.7830555556,8.73527777778
faridabad - palwal,HR38U7821,44.7272222222,1.51888888889,1.725
faridabad - palwal,HR38W9551,5.81666666666,2.16,16.0166666666
faridabad - palwal,HR38V2239,37.3352777778,6.90194444445,3.73194444444
faridabad - palwal,HR38U0373,18.8513888889,1.11694444444,4.02222222222
faridabad - spl. rly sidng faridabad,HR38W9551,21.8705555555,10.5666666667,39.5247222222
faridabad - spl. rly sidng faridabad,HR38W8943,17.8711111111,3.4775,2.63833333333
faridabad - spl. rly sidng faridabad,HR38X3735,0.0,1.66666666667,22.3263888889
faridabad - spl. rly sidng faridabad,HR38X3805,0.0,10.2552777778,37.7313888889
faridabad - spl. rly sidng faridabad,HR38X4375,0.0,9.29861111111,62.6708333333
faridabad - spl. rly sidng faridabad,HR38W0953,39.6783333333,5.01666666667,3.28083333333
faridabad - spl. rly sidng faridabad,HR38X6281,37.0875,10.8863888889,0.0
faridabad - spl. rly sidng faridabad,HR38V4166,77.8538888889,12.6625,5.44388888889
faridabad - spl. rly sidng faridabad,HR38V2239,35.6452777777,8.23972222222,4.08805555556
faridabad - spl. rly sidng faridabad,HR38V2119,41.3994444444,9.53138888889,21.0302777778
faridabad - spl. rly sidng faridabad,HR38X7996,0.0,9.93027777778,62.0463888889
faridabad - spl. rly sidng faridabad,HR38X2511,0.0,13.3091666667,82.6672222223
faridabad - spl. rly sidng faridabad,HR38R4523,22.3197222222,0.0833333333333,1.58972222222
faridabad - spl. rly sidng faridabad,HR38U0373,27.3825,10.2341666667,10.3580555556
garbham - visakhapatnam,AP35Y5166,11.26,3.55499999999,0.0
garbham - visakhapatnam,AP35Y5155,13.7891666667,1.29444444444,0.0
garividi - visakhapatnam,AP35Y5256,28.2327777778,5.21722222222,0.0
garividi - visakhapatnam,AP16W3024,19.8808333333,2.47583333333,0.470555555556
garividi - visakhapatnam,AP35Y5155,6.34027777777,0.0166666666667,0.0
garividi - visakhapatnam,AP35Y5299,26.0194444445,2.45583333333,1.43388888889
garividi - visakhapatnam,AP35Y5346,6.35555555555,0.283611111112,0.0
garividi - visakhapatnam,AP35Y5488,40.2461111111,5.24722222222,0.0
garividi - visakhapatnam,AP35X9979,1.14555555556,0.0327777777778,0.0
garividi - visakhapatnam,AP31TA1629,9.08527777778,0.313888888889,0.331666666667
garividi - visakhapatnam,AP35X3789,5.64833333334,0.316666666667,0.0
garividi - visakhapatnam,AP36TB2745,0.8875,0.0,0.0
garividi - visakhapatnam,AP35X3688,2.80249999999,0.386666666667,0.0
garividi - visakhapatnam,AP35X3677,18.9188888889,2.50888888889,1.15611111111
garividi - visakhapatnam,AP35Y3166,22.4288888889,2.5025,0.275
garividi - visakhapatnam,AP31TA3929,0.948611111112,0.0,0.0
garividi - visakhapatnam,AP35W9799,17.6213888889,3.13611111111,0.847777777777
garividi - visakhapatnam,AP31TA6688,15.2177777778,13.5766666667,0.444166666667
garividi - visakhapatnam,AP35W9549,19.1613888889,4.65472222222,0.0
garividi - visakhapatnam,AP35W8699,9.91111111111,0.03,0.0
garividi - visakhapatnam,AP35W7999,16.2386111111,2.15888888889,0.0
garividi - visakhapatnam,AP35W7848,17.3183333333,3.23833333333,0.0
garividi - visakhapatnam,AP35W3688,34.1175,5.47055555556,0.126666666667
garividi - visakhapatnam,AP35V7477,27.6466666667,4.15166666667,0.977500000001
garividi - visakhapatnam,AP31TF3717,23.6297222222,2.71694444444,0.488333333333
garividi - visakhapatnam,AP05TA9889,16.2155555556,5.11361111111,0.0
garividi - visakhapatnam,AP31TF2997,1.49972222222,0.0,0.0
garividi - visakhapatnam,AP31TE7477,0.427777777778,0.0,0.0
garividi - visakhapatnam,AP35Y5166,14.8441666667,2.34083333333,0.0
garividi - visakhapatnam,AP35X3599,4.86361111111,0.00583333333333,0.0
jamshedpur - 3116,BR01GB4013,54.1083333333,14.8891666667,0.0
jamshedpur - 3116,JH05AG7716,56.3375,24.2969444444,0.0
jamshedpur - 3116,JH05AX5718,84.2147222222,19.7252777778,0.0
jamshedpur - agra,UP75K9192,86.0172222222,9.92277777778,0.0
jamshedpur - ahmedabad,JH02AN9690,48.6877777777,32.2283333333,0.0
jamshedpur - ahmedabad,NL02L9946,1.63944444445,0.0,0.0
jamshedpur - ahmedabad,RJ19GA7147,60.3966666667,8.20694444444,0.0
jamshedpur - ahmedabad,RJ19GD5356,82.1052777778,13.8280555556,0.0
jamshedpur - ahmedabad,BR01GC3627,19.825,0.266666666667,0.0
jamshedpur - ahmedabad,NL02N3176,0.0,0.0,0.0
jamshedpur - ahmedabad,RJ19GE3947,84.7169444444,29.3680555556,0.0
jamshedpur - ahmedabad,BR01GC4791,12.8572222222,0.0166666666667,0.0
jamshedpur - ahmedabad,JH04M0257,60.2547222222,21.7519444444,0.0
jamshedpur - ahmedabad,JH02S8449,5.87888888888,0.0,0.0
jamshedpur - ahmedabad,BR01GF2042,2.13583333334,0.4,0.0
jamshedpur - ahmedabad,BR26H3143,81.9886111111,13.9447222222,0.0
jamshedpur - ahmedabad,JH02AF0931,0.55,0.0,0.0
jamshedpur - ahmedabad,JH02AT6581,1.06638888889,0.0,0.0
jamshedpur - ahmedabad,JH02AK1960,0.816111111112,0.0,0.0
jamshedpur - ahmedabad,JH02AN7235,27.3983333333,22.6158333333,0.0
jamshedpur - ahmedabad,NL01D3747,1.31472222222,0.0,0.0
jamshedpur - ahmedabad,NL01N1080,0.0,33.4988888889,61.5005555556
jamshedpur - ahmedabad,JH09Y4470,2.75444444445,0.0166666666667,0.0
jamshedpur - ahmedabad,MP18GA0896,31.0325,1.98305555556,0.0
jamshedpur - ahmedabad,MP09HH3668,44.8463888889,44.4594444444,0.0
jamshedpur - ahmedabad,MH40BG9751,61.8116666667,34.1238888889,0.0
jamshedpur - ahmedabad,NL01K5444,16.7691666667,0.4,0.0
jamshedpur - ahmedabad,RJ19G3954,3.69916666667,0.0,0.0
jamshedpur - ahmedabad,NL01L5205,70.0158333333,25.9155555556,0.0
jamshedpur - ahmedabad,JH05BH3104,62.07,33.8630555556,0.0
jamshedpur - ahmedabad,UP67T0559,3.85583333333,0.0,0.0
jamshedpur - ahmedabad,NL01N2199,65.8288888889,25.1855555556,0.0
jamshedpur - ahmedabad,NL01N3563,0.0,50.2419444444,44.7577777778
jamshedpur - ahmedabad,NL01N3566,0.0,7.75055555556,87.2488888888
jamshedpur - ahmedabad,WB23D4963,16.0402777778,2.68444444444,0.0
jamshedpur - ahmedabad,NL01Q5444,42.6297222222,0.718888888888,0.0
jamshedpur - ahmedabad,WB23D5583,14.8644444445,1.12416666667,0.0
jamshedpur - ahmedabad,NL01N1078,0.0,34.2477777778,60.7516666667
jamshedpur - ahmedabad,RJ19G0638,63.0955555555,31.1533333333,0.0
jamshedpur - ahmedabad,NL02Q0743,2.36,0.0,0.0
jamshedpur - ahmedabad,GJ06AX9605,3.88861111111,0.0166666666667,0.0
jamshedpur - ahmedabad,GJ06AU6539,28.8736111111,23.2488888889,0.0
jamshedpur - ahmedabad,GJ06AV5666,40.5866666667,22.2958333333,0.0
jamshedpur - ahmedabad,GJ06AX3786,35.1783333333,18.2466666667,0.0
jamshedpur - ahmedabad,GJ06AX5066,0.641388888888,0.0,0.0
jamshedpur - ahmedabad,GJ06XX9537,3.73055555555,0.0,0.0
jamshedpur - ahmedabad,GJ12AZ9833,1.78527777778,0.0,0.0
jamshedpur - ahmedabad,GJ18AT9101,0.499444444445,0.0,0.0
jamshedpur - ahmedabad,GJ09X8535,1.61694444445,0.0,0.0
jamshedpur - ahmedabad,GJ20U4455,34.21,28.4397222222,0.0
jamshedpur - ahmedabad,PB13Z1672,50.8041666667,44.2713888889,0.0
jamshedpur - ahmedabad,GJ23Y4792,64.6536111111,31.2741666667,0.0
jamshedpur - ahmedabad,GJ04X6119,31.9288888888,0.0,0.0
jamshedpur - ahmednagar,GJ06AT1950,48.1911111111,1.80527777778,0.0
jamshedpur - ahmednagar,GJ06AV8505,0.384444444445,0.0,0.0
jamshedpur - attibele,OR05U6821,81.4622222223,14.4661111111,0.0
jamshedpur - attibele,CG04DK4870,14.6108333333,0.0494444444444,0.0
jamshedpur - attibele,OR07Y7231,58.6772222222,37.2638888889,0.0
jamshedpur - aurangabad,CG04JB5617,3.24805555555,0.0166666666667,0.0
jamshedpur - aurangabad,MH04FP6270,60.9161111111,35.0175,0.0
jamshedpur - aurangabad,CG04JB1514,51.8641666666,44.065,0.0
jamshedpur - aurangabad,CG04JA9351,22.5338888889,25.9508333333,0.0
jamshedpur - aurangabad,CG04JB6101,68.2488888889,0.721944444445,0.0
jamshedpur - aurangabad,CG04JB3793,1.61638888889,0.0,0.0
jamshedpur - aurangabad,CG04DM7044,2.02444444445,0.0,0.0
jamshedpur - aurangabad,CG04JB7687,16.9925,0.116666666667,0.0
jamshedpur - aurangabad,CG04J8597,67.1983333332,0.266666666667,0.0
jamshedpur - aurangabad,JH05BD5744,71.0791666667,24.8566666667,0.0
jamshedpur - aurangabad,JH05BC2086,10.4380555555,0.0608333333333,0.0
jamshedpur - aurangabad,JH05BB2944,33.2350000001,14.7266666667,0.0
jamshedpur - aurangabad,CG04J7362,2.26972222222,0.0,0.0
jamshedpur - aurangabad,JH05V1105,73.0902777777,22.8336111111,0.0
jamshedpur - aurangabad,AP35Y3047,73.4019444445,22.5458333333,0.0
jamshedpur - aurangabad,CG07C4838,0.303055555555,0.0,0.0
jamshedpur - aurangabad,MH18BG1201,5.51805555555,0.0,0.0
jamshedpur - aurangabad,NL02N6627,68.3177777777,16.1230555556,0.0
jamshedpur - aurangabad,NL02K6259,19.2388888889,0.299722222222,0.0
jamshedpur - aurangabad,NL02G9586,11.0244444444,12.9480555555,0.0
jamshedpur - aurangabad,NL02G9579,2.68083333333,0.0,0.0
jamshedpur - aurangabad,WB23D7000,2.57,0.0,0.0
jamshedpur - aurangabad,WB11D1525,27.7241666667,22.8766666667,0.0
jamshedpur - aurangabad,WB11C7788,2.18277777778,10.0872222222,0.0
jamshedpur - aurangabad,CG04LC5408,67.0552777778,0.366388888889,0.0
jamshedpur - aurangabad,WB11C6385,54.4961111111,41.4380555556,0.0
jamshedpur - aurangabad,CG07CA1802,38.3775,2.71111111111,0.956666666667
jamshedpur - aurangabad,BR01GB9171,1.81666666667,0.0,0.0
jamshedpur - aurangabad,CG07BE9444,67.6791666666,28.2563888889,0.0
jamshedpur - aurangabad,CG07AZ7506,62.925,23.2161111111,0.0
jamshedpur - aurangabad,OR15M3538,27.3961111111,17.3822222222,0.0
jamshedpur - aurangabad,CG04LN8817,6.07111111112,9.3825,0.0
jamshedpur - aurangabad,CG04LD9317,61.4391666667,34.4894444444,0.0
jamshedpur - aurangabad,NL01G6445,60.6077777778,0.433333333333,0.0
jamshedpur - aurangabad,CG04J3814,7.94222222222,0.0,0.0
jamshedpur - aurangabad,MH20CT5123,0.570555555555,0.0,0.0
jamshedpur - aurangabad,CG04HS7668,72.7880555555,23.1311111111,0.0
jamshedpur - aurangabad,CG04HN1120,65.5511111111,30.385,0.0
jamshedpur - aurangabad,JH02AS4427,60.5277777778,28.4852777778,0.0
jamshedpur - aurangabad,CG04H7668,26.2844444444,7.43833333333,0.0
jamshedpur - aurangabad,CG04DG5514,55.8358333333,35.9169444444,0.0
jamshedpur - aurangabad,HR39C4754,41.785,22.6213888889,0.0
jamshedpur - aurangabad,CG04DA6265,62.9847222222,0.568055555555,0.0
jamshedpur - aurangabad,CG04HT6123,54.8058333334,0.316944444445,0.0
jamshedpur - bangalore,BR01GB3130,56.2863888889,38.4741666667,0.0
jamshedpur - bangalore,TN57BA8381,1.2,0.0,0.0
jamshedpur - bangalore,OR11J2862,93.0702777778,20.5388888889,0.0
jamshedpur - bangalore,NL01AA0049,0.0,49.0002777778,45.9986111111
jamshedpur - bangalore,BR01GF9246,8.83694444443,0.0166666666667,0.0
jamshedpur - bangalore,OR04M9321,8.07611111112,2.75944444444,0.0
jamshedpur - bangalore,OR07U7714,68.7883333333,32.0791666667,0.0
jamshedpur - bangalore,KA01D8086,10.4197222222,0.0166666666667,0.0
jamshedpur - bangalore,OD04C1829,55.5363888888,13.3808333333,0.0
jamshedpur - bangalore,JH05W7748,5.02722222222,0.05,0.0
jamshedpur - bangalore,BR01GB9171,46.7361111111,20.2838888889,0.0
jamshedpur - bangalore,AP07TB1278,107.934722222,8.19833333334,0.0
jamshedpur - bangalore,OR07W2322,75.4897222221,20.4530555556,0.0
jamshedpur - bangalore,OR04M5321,55.3825,40.5566666667,0.0
jamshedpur - bangalore,KA51A3040,48.2444444445,47.7041666667,0.0
jamshedpur - bangalore city,TN57AA9394,58.9908333333,36.19,0.0
jamshedpur - bardhaman,WB676645,0.440555555555,0.0,0.0
jamshedpur - barmer,RJ19GE5873,0.783055555555,0.0,0.0
jamshedpur - barmer,RJ19GF7073,3.27999999999,0.05,0.0
jamshedpur - bengaluru,TN57AM9199,1.30277777778,0.0,0.0
jamshedpur - bengaluru,OR11J2862,0.433333333333,0.0,0.0
jamshedpur - bengaluru,NL01D2932,41.5419444445,26.2394444444,0.0
jamshedpur - bengaluru,JH05AD7616,2.66861111112,0.0,0.0
jamshedpur - bengaluru,CG04DG5095,1.42027777778,0.0,0.0
jamshedpur - bengaluru,OR07Z2841,35.4172222222,32.3627777778,0.0
jamshedpur - bengaluru,OD04H5921,14.1572222222,9.825,0.0
jamshedpur - bengaluru,OR04M5321,6.70194444445,0.0,0.0
jamshedpur - bengaluru,AP07AA5759,0.616944444445,0.0,0.0
jamshedpur - bengaluru,AP16TX8619,0.933333333333,0.0,0.0
jamshedpur - bengaluru,WB23B7201,3.03611111112,0.0,0.0
jamshedpur - bengaluru,OD041295,5.04805555555,0.0494444444444,0.0
jamshedpur - bengaluru,AP16TB4389,2.15416666667,0.0,0.0
jamshedpur - bengaluru,AP24X8187,6.97222222222,0.0,0.0
jamshedpur - bengaluru,OR14N5329,9.16444444445,0.0,0.0
jamshedpur - bengaluru,OD04D0605,9.145,0.0,0.0
jamshedpur - bhiwadi,NL01Q1908,62.58,30.6463888889,2.74055555556
jamshedpur - bhiwadi,JH02AP3011,6.39305555555,0.0,0.0
jamshedpur - bhiwadi,NL01Q5439,2.02472222222,0.0333333333333,0.0
jamshedpur - bhiwadi,WB19G7814,67.9463888889,10.8216666667,3.22972222222
jamshedpur - bhiwadi,RJ14GH0045,82.4508333333,13.49,0.0
jamshedpur - bhiwadi,NL01N2048,71.8958333333,18.8252777778,5.22805555556
jamshedpur - bhiwadi,RJ14GH5287,62.6505555555,33.295,0.0
jamshedpur - bhiwadi,JH02AS8403,6.79611111112,0.0166666666667,0.0
jamshedpur - bhiwadi,NL01L7134,10.2986111111,10.1858333333,0.0
jamshedpur - bhiwadi,UP75AT2519,34.4927777778,3.29222222222,0.0
jamshedpur - bhiwadi,JH02AN3787,66.9900000001,28.935,0.0
jamshedpur - bhiwadi,JH05BS4190,69.7736111111,26.1711111111,0.0
jamshedpur - bhiwadi,RJ14GC9787,57.2791666667,38.6591666666,0.0
jamshedpur - bhiwadi,BR02AA4913,20.4438888889,0.333055555556,0.0
jamshedpur - bhiwadi,RJ14GH0052,0.799722222222,0.0,0.0
jamshedpur - bhiwadi,NL01L8751,60.9222222222,35.005,0.0
jamshedpur - bhubaneshwar,OR04K5001,53.3861111111,5.49305555556,0.0
jamshedpur - bhubaneswar,OR07U4721,24.6475,3.20361111111,0.0
jamshedpur - budge budge,WB23C7098,48.5519444444,13.2441666667,0.0
jamshedpur - bulandshahr,NL01K2526,3.30861111112,0.0,0.0
jamshedpur - burdwan,NL02K8976,19.1538888889,0.2,0.0
jamshedpur - calcutta,JH05AL3481,58.7091666667,13.2475,0.0
jamshedpur - calcutta,JH05AA2911,79.3761111111,0.0,0.0
jamshedpur - calicut,KA01C0061,4.80583333333,0.0,0.0
jamshedpur - calicut,TN30U6526,1.15055555555,0.0,0.0
jamshedpur - chengalpattu,JH05BQ7999,0.0166666666667,0.0,0.0
jamshedpur - chennai,TN28BB1208,27.0361111111,0.0,0.0
jamshedpur - chennai,AP27X0779,3.66972222222,0.0,0.0
jamshedpur - chennai,AP27X4428,0.366388888888,0.0,0.0
jamshedpur - chennai,OR11D4683,54.3327777778,33.3530555556,0.0
jamshedpur - chennai,AP16TX5279,51.4022222223,15.3530555555,0.0
jamshedpur - chennai,AP07V3599,1.07305555556,0.0,0.0
jamshedpur - chennai,AP16TJ1827,53.4988888889,38.9794444444,0.0
jamshedpur - chennai,TN20AL2603,3.75638888888,0.0,0.0
jamshedpur - chennai,AP16TG5229,1.31555555556,0.133055555555,0.0
jamshedpur - chennai,AP16TC1236,3.38722222222,0.0,0.0
jamshedpur - chennai,AP07Y3599,103.216111111,15.9783333333,0.0
jamshedpur - chennai,AP07TU1248,18.4463888889,0.217222222222,0.0
jamshedpur - chennai,AP16TB1679,3.3725,0.0,0.0
jamshedpur - chennai,JH05BQ5999,3.49611111111,0.0333333333333,0.0
jamshedpur - chennai,NL05D4875,10.7147222222,0.0,0.0
jamshedpur - chennai,AP03C0252,12.855,0.0666666666667,0.0
jamshedpur - chennai,OR04P0695,41.6294444444,13.1919444444,0.0
jamshedpur - cuttack,OR04H3442,39.9522222222,7.48305555555,0.0
jamshedpur - cuttack,JH05AG0842,59.6969444445,7.34416666667,0.0
jamshedpur - cuttack,OR04D7534,70.4194444445,13.415,0.0
jamshedpur - cuttack,OR07V5232,85.8377777777,10.0958333333,0.0
jamshedpur - cuttack,OR07U4721,4.27972222222,0.0,0.0
jamshedpur - cuttack,OR07U0793,18.8411111111,0.166944444444,0.0
jamshedpur - dahej,HR39C4755,89.5866666667,6.34944444444,0.0
jamshedpur - dahej,CG04JB9351,3.60333333334,0.0,0.0
jamshedpur - dhanbad,JH09Q6105,1.16611111111,0.0,0.0
jamshedpur - dhanbad,JH02T0738,5.22555555556,0.0333333333333,0.0
jamshedpur - dudhola,NL01G6916,2.68638888888,0.0,0.0
jamshedpur - ernakulam,TN67J6917,7.79444444445,0.0441666666667,0.0
jamshedpur - ernakulam,TN34X9930,2.46944444445,0.0,0.0
jamshedpur - ernakulam,TN57AM8866,19.0263888889,0.0333333333333,0.0
jamshedpur - ernakulam,TN28AC2367,11.2452777778,0.0,0.0
jamshedpur - ernakulam,KA01C3038,30.4166666667,12.0833333333,0.0
jamshedpur - ernakulam,TN52B9388,2.40583333334,0.0166666666667,0.0
jamshedpur - ernakulam,TN67AS4843,5.93,0.166666666667,0.0
jamshedpur - ernakulam,TN47AC9075,4.00916666667,0.0666666666667,0.0
jamshedpur - ernakulam,TN48Z1119,36.5969444444,8.28666666667,0.0
jamshedpur - ernakulam,TN52F2454,3.15333333333,0.0,0.0
jamshedpur - ernakulam,TN568499,1.21611111111,0.0,0.0
jamshedpur - ernakulam,KA01B6427,17.7663888889,0.683611111111,0.0
jamshedpur - ernakulam,KA01AB1225,10.0866666667,0.0666666666667,0.0
jamshedpur - ernakulam,TN28AK2525,17.5175,0.0,0.0
jamshedpur - ernakulam town,TN67J6917,40.6841666667,31.1755555556,0.0
jamshedpur - ernakulam town,TN28AW8539,52.5519444445,43.3752777778,0.0
jamshedpur - ernakulam town,TN28P1377,39.355,56.57,0.0
jamshedpur - ernakulam town,TN52B9681,4.50333333333,0.0,0.0
jamshedpur - erode,TN21AY7797,10.2838888889,0.0333333333333,0.0
jamshedpur - faridabad,HR38R8389,0.955000000001,0.0,0.0
jamshedpur - faridabad,HR38Q8442,19.4488888889,0.1,0.0
jamshedpur - faridabad,NL02N3174,59.0972222222,9.75361111111,0.0
jamshedpur - faridabad,HR47B5505,1.01861111111,0.0,0.0
jamshedpur - faridabad,NL01N1336,0.0,0.0,23.75
jamshedpur - faridabad,WB19G7815,95.5022222222,0.0,0.421111111112
jamshedpur - faridabad,JH02S1930,38.5388888889,2.96944444444,0.665277777778
jamshedpur - faridabad,PB13P4565,61.1119444444,5.36277777778,0.0
jamshedpur - faridabad,HR55N0740,2.36972222222,0.0833333333333,0.0
jamshedpur - faridabad,HR38R7123,5.87277777778,0.0,0.0
jamshedpur - faridabad,HR38R1241,36.4786111111,8.63944444445,2.85944444444
jamshedpur - faridabad,HR63C4180,6.57277777778,0.0,0.0
jamshedpur - faridabad,HR741916,2.16611111111,0.0,0.0
jamshedpur - faridabad,NL01N4516,0.0,0.0,23.75
jamshedpur - faridabad,JH10BD2160,4.43416666667,0.0,0.0
jamshedpur - faridabad,HR55L5693,29.68,19.3930555556,0.0
jamshedpur - gandhi dham,JH09AH6797,1.27722222222,0.0,0.0
jamshedpur - gannavaram,HR55L6996,1.86666666667,0.0,0.0
jamshedpur - gannavaram,NL02L4396,13.37,0.0666666666667,0.0
jamshedpur - gannavaram,AP16TH9819,2.58055555555,0.0,0.0
jamshedpur - gannavaram,AP20TB9333,1.8875,0.0333333333333,0.0
jamshedpur - gannavaram,AP16Y9597,0.366388888888,0.0,0.0
jamshedpur - gannavaram,AP16TW6704,38.2811111111,22.0458333333,0.0
jamshedpur - gannavaram,AP16Y7898,18.4886111111,19.3083333333,0.0
jamshedpur - gannavaram,AP16TW2386,0.55,0.0,0.0
jamshedpur - gannavaram,AP16TH1829,23.4113888889,0.569444444445,0.0
jamshedpur - gannavaram,AP05W2629,28.8377777778,28.4625,0.0
jamshedpur - gannavaram,AP27TY1197,4.50555555555,0.0,0.0
jamshedpur - gannavaram,KA01AE9925,54.3744444445,17.8,0.0
jamshedpur - gannavaram,AP37Y3339,29.7952777778,7.60666666667,0.0
jamshedpur - gannavaram,AP05TA6219,55.4325,11.6727777778,0.0
jamshedpur - gannavaram,AP16TA7539,29.8091666667,5.01194444444,0.0
jamshedpur - gannavaram,AP07TT5579,3.43611111112,0.0,0.0
jamshedpur - gannavaram,AP16TB9089,68.2811111112,1.10277777778,0.0
jamshedpur - gannavaram,JH05AH4024,2.20277777778,0.0,0.0
jamshedpur - gannavaram,AP07TU3175,0.0,0.0,0.0
jamshedpur - gannavaram,NL01N1436,83.9558333333,11.9758333333,0.0
jamshedpur - gannavaram,AP16TW5938,2.71222222222,0.0,0.0
jamshedpur - gannavaram,JH05BS9147,43.1016666667,23.37,0.0
jamshedpur - gannavaram,JH05BS6081,60.3558333333,7.64333333333,0.0
jamshedpur - gannavaram,AP30W0979,3.88583333333,0.0,0.0
jamshedpur - gannavaram,AP16TA4145,0.633333333333,0.0166666666667,0.0
jamshedpur - gannavaram,AP31TB2525,16.5130555556,0.05,0.0
jamshedpur - gannavaram,AP16TW3434,11.1075,4.20277777778,0.0
jamshedpur - ghaziabad,UP72T2465,1.30611111111,0.0,0.0
jamshedpur - ghaziabad,NL02Q4544,56.4466666667,37.7713888889,0.0
jamshedpur - ghaziabad,JH19A4755,35.5541666667,1.23333333333,0.0
jamshedpur - ghaziabad,HR55G9137,66.1641666667,23.3858333333,0.0
jamshedpur - ghaziabad,HR38Y9741,16.9225,0.0,0.0
jamshedpur - gurgaon,JH05AA0311,69.1547222222,20.1202777778,6.67972222222
jamshedpur - gurugram,PB13P5554,24.4308333333,0.85,0.0
jamshedpur - gurugram,PB13P4565,7.40277777778,0.262777777777,0.0
jamshedpur - guwahati,NL02G9586,44.0194444444,27.9394444444,0.0
jamshedpur - guwahati,NL01N8079,2.51083333333,0.333333333333,0.0
jamshedpur - haldia,JH05AE7218,61.1344444444,1.48861111111,0.0
jamshedpur - haldia,JH05R6337,2.7963888889,0.0166666666667,0.0
jamshedpur - haridwar,NL01N1384,67.5966666667,28.0272222222,0.0
jamshedpur - haridwar,NL01G0482,0.333055555555,0.0,0.0
jamshedpur - haridwar,NL01N6785,0.917222222222,0.0,0.0
jamshedpur - harinagar,JH10G0693,3.53666666667,0.0,0.0
jamshedpur - hooghly,NL01G2375,88.7133333334,12.6702777778,0.0
jamshedpur - hosur,OD04F2036,73.8291666667,22.1119444445,0.0
jamshedpur - hosur,AP04TX2171,73.8077777778,22.1383333333,0.0
jamshedpur - hosur,OD04C1925,1.78333333333,0.0,0.0
jamshedpur - hosur,OD04F1729,46.5163888889,43.4877777778,0.0166666666667
jamshedpur - hosur,OD04H5921,38.6422222222,33.3033333333,0.0
jamshedpur - hosur,AP07TU2566,38.8922222222,20.3088888889,0.0
jamshedpur - hosur,AP07TU1409,53.7786111111,18.5425,0.0
jamshedpur - hosur,WB23B7298,12.9369444444,0.0,0.0
jamshedpur - hosur,OD04D5891,21.9669444444,25.9977777778,0.0
jamshedpur - hosur,OD04J1422,4.01138888888,0.0,0.0
jamshedpur - hosur,AP07TB1989,77.7716666666,23.7994444444,0.0
jamshedpur - hosur,OD04G4791,60.7686111111,35.1583333333,0.0
jamshedpur - hosur,CG04DM2391,57.1841666667,38.7477777778,0.0
jamshedpur - hosur,JH05AD8418,51.9822222222,27.9172222222,0.0
jamshedpur - hosur,JH01AE6027,18.9661111111,0.283333333333,0.0
jamshedpur - hosur,OR04M5329,75.7902777778,38.1744444444,0.0
jamshedpur - hosur,OR04M6922,5.70277777778,0.0,0.0
jamshedpur - hosur,OR05AD5529,51.9916666668,4.31888888889,0.0
jamshedpur - hosur,OR05AJ1525,16.1594444444,2.58694444444,0.0
jamshedpur - hosur,OR05AJ1911,60.0686111111,3.955,0.0
jamshedpur - hosur,JH05Y2275,4.02333333333,0.0,0.0
jamshedpur - hosur,JH05BQ1509,53.0261111111,42.8930555556,0.0
jamshedpur - hosur,OR07AA0311,1.81416666667,0.0,0.0
jamshedpur - hosur,OR07J9793,69.4544444444,26.4763888889,0.0
jamshedpur - hosur,TN30U6751,83.7311111112,12.1975,0.0
jamshedpur - hosur,BR01GD7712,8.51388888888,0.0,0.0
jamshedpur - hosur,JH05AW6380,8.77555555556,1.1925,0.0
jamshedpur - hosur,OR07U6675,9.09888888889,1.48027777778,0.0
jamshedpur - hosur,OR07V0091,82.2080555554,31.6427777778,0.0
jamshedpur - hosur,OR07V2855,78.9316666667,17.0072222222,0.0
jamshedpur - hosur,OR07V5231,90.5408333333,0.815555555556,0.0
jamshedpur - hosur,OR07W2988,74.4433333333,31.4483333333,0.0
jamshedpur - hosur,OR07Y9451,62.6702777778,33.2630555556,0.0
jamshedpur - hosur,JH05AE4540,108.948333333,53.0216666667,0.0
jamshedpur - hosur,OR01S7415,53.6075,28.1736111111,0.0
jamshedpur - hosur,JH02M1289,11.1027777778,0.150277777778,0.0
jamshedpur - hosur,OR05AJ8915,49.3349999999,46.6155555555,0.0
jamshedpur - hosur,OR09G6882,60.7347222222,25.3594444444,0.0
jamshedpur - hosur,CG08L3445,46.7805555555,44.4136111111,0.0
jamshedpur - hosur,OD07M1151,17.8683333333,1.12805555556,0.0
jamshedpur - hosur,OR11D4683,62.5919444444,33.3572222222,0.0
jamshedpur - hosur,TN90C2988,2.56777777778,0.0,0.0
jamshedpur - hosur,OR14Q7721,1.7525,0.0,0.0
jamshedpur - hosur,OR11J1747,72.456111111,8.19972222223,0.0
jamshedpur - hosur,CG04FB5095,19.5152777778,0.0833333333333,0.0
jamshedpur - howrah,WB23B2107,2.13666666667,0.0,0.0
jamshedpur - howrah,WB33A3943,22.1269444444,0.648611111111,1.21138888889
jamshedpur - howrah,MH04CP8463,86.9802777778,8.95416666667,0.0
jamshedpur - howrah,JH05AJ5694,5.21055555555,0.0,0.0
jamshedpur - howrah,NL02Q4487,70.3713888889,12.8191666667,12.775
jamshedpur - howrah,NL02G9982,1.58777777778,0.0,0.0
jamshedpur - howrah,JH02P2199,62.9433333334,4.35833333333,0.0
jamshedpur - howrah,WB23B9969,77.5266666667,18.4047222222,0.0
jamshedpur - howrah,NL02N3814,83.9827777778,11.9475,0.0
jamshedpur - hubballi,TN58AU3490,0.826666666667,0.0,0.0
jamshedpur - hubballi,TN58AJ2844,21.8583333333,0.0166666666667,0.0
jamshedpur - hubballi,AP27TX6939,6.09472222222,0.0,0.0
jamshedpur - hubballi,CG04LB8930,4.16722222223,0.0333333333333,0.0
jamshedpur - hubballi,TN52H3658,4.60444444443,0.0,0.0
jamshedpur - hubballi,CG04JC3884,91.1547222222,0.216666666667,0.0
jamshedpur - hubballi,CG08V9415,3.05222222223,0.0,0.0
jamshedpur - hubballi,TN52H9569,9.43416666667,0.0,0.0
jamshedpur - hubballi,CG08AB9809,8.33027777778,0.0161111111111,0.0
jamshedpur - hubballi,JH05BB2944,36.0333333333,11.9466666667,0.0
jamshedpur - hubli,CG08AA4777,54.6852777778,37.3463888889,0.0
jamshedpur - hyderabad,JH10M8599,18.6852777778,0.0,0.0
jamshedpur - hyderabad,JH05AE8882,11.4436111111,6.25277777778,0.0
jamshedpur - hyderabad,OD11L1688,5.37277777777,0.0,0.0
jamshedpur - hyderabad,OD04D5891,19.7291666667,1.34555555556,0.0
jamshedpur - hyderabad,OD04G0311,18.1411111111,21.1063888889,0.0
jamshedpur - hyderabad,OD04A6132,6.80694444445,0.0,0.0
jamshedpur - hyderabad-dist. medak,TN41AL6068,0.0530555555555,0.0,0.0
jamshedpur - hyderabad-dist. medak,OR07Z2395,79.8169444444,33.6061111111,0.0
jamshedpur - hyderabad-dist. medak,NL01Q7989,0.0,30.0002777778,64.9988888889
jamshedpur - hyderabad-dist. medak,CG08Z9909,0.5075,0.401666666667,0.0
jamshedpur - indore,UP67T2292,1.61694444445,0.0,0.0
jamshedpur - indore,MP09HG0715,2.06083333333,0.0,0.0
jamshedpur - indore,MP09HG7999,78.6524999999,17.2719444444,0.0
jamshedpur - indore,BR01GD0716,0.783333333333,0.0,0.0
jamshedpur - indore,BR01GB1468,2.335,0.0166666666667,0.0
jamshedpur - indore,MP09HG9846,59.7852777778,26.5705555556,0.0
jamshedpur - indore,MP09HG5297,2.90277777778,0.0,0.0
jamshedpur - indore,MP09HH0531,19.2119444444,0.250277777778,0.0
jamshedpur - indore,MP04HE3905,59.0802777777,3.10833333333,0.0
jamshedpur - indore,MP04HE3101,59.1933333334,3.02611111111,0.0
jamshedpur - indore,BR01GF2042,29.61,0.666666666667,0.0
jamshedpur - indore,BR26E5784,17.8605555556,0.932777777778,0.0
jamshedpur - indore,BR27A9220,0.616666666667,0.0,0.0
jamshedpur - indore,MP04HE2761,47.6091666667,1.23444444444,0.0
jamshedpur - indore,HR63C9042,1.46611111111,0.0,0.0
jamshedpur - indore,JH01CF0431,39.8705555556,23.5025,0.0
jamshedpur - indore,BR01GD2822,5.79583333333,0.0,0.0
jamshedpur - indore,BR2F9363,18.7488888889,0.15,0.0
jamshedpur - indore,JH02AB8697,6.275,0.0166666666667,0.0
jamshedpur - indore,BR01GD7444,46.6213888889,36.7558333333,0.0
jamshedpur - indore,JH05AH7396,17.5491666667,0.991388888889,0.0
jamshedpur - indore,CG04JD1507,61.3380555556,30.4094444444,0.0
jamshedpur - indore,JH02R8641,0.843333333333,0.0,0.0
jamshedpur - indore,CG04JB5006,19.2427777777,0.0166666666667,0.0
jamshedpur - indore,JH05BP2148,73.0994444445,22.8280555556,0.0
jamshedpur - indore,CG04HW8021,12.2341666667,0.116666666667,0.0
jamshedpur - indore,CG04JD9502,32.4747222222,11.4816666667,0.0
jamshedpur - indore,GJ06AX9605,15.3555555556,1.2025,0.0
jamshedpur - indore,MH06AQ2125,73.6063888888,10.2319444444,0.0
jamshedpur - indore,MH43BG0387,58.8511111111,27.5825,0.0
jamshedpur - indore,JH09Q8658,13.3247222222,0.0,0.0
jamshedpur - indore,JH10BC7917,5.77166666667,0.0,0.0
jamshedpur - indore,JH05BU1544,58.9333333333,37.0052777778,0.0
jamshedpur - jabalpur,NL01K7391,76.3027777778,19.6330555556,0.0
jamshedpur - jabalpur,BR2J3729,22.5397222222,2.3525,0.0
jamshedpur - jabalpur,MP04HE2277,87.1905555556,26.0880555556,0.0
jamshedpur - jaipur,NL01N4151,0.0,9.99999999999,61.2497222222
jamshedpur - jaipur,RJ14GD4588,5.50638888888,0.05,0.0
jamshedpur - jaipur,NL01N1338,0.0,18.7505555556,76.2488888889
jamshedpur - jaipur,RJ14G6378,49.3016666667,25.3430555556,0.0
jamshedpur - jaipur,NL01N1337,0.0,15.2486111111,79.7511111111
jamshedpur - jaipur,RJ14GC0351,68.2149999999,27.7238888889,0.0
jamshedpur - jaipur,RJ19GA7547,60.6316666667,35.3097222222,0.0
jamshedpur - jaipur,HR55M0427,2.33638888888,0.0,0.0
jamshedpur - jaipur,RJ22GA7757,21.3461111111,0.0166666666667,0.0
jamshedpur - jaipur,NL01L8611,4.42194444444,0.0166666666667,0.0
jamshedpur - jaipur,JH05AG6210,70.8322222221,25.0902777778,0.0
jamshedpur - jalandhar,PB11BR1554,3.48638888888,0.0166666666667,0.0
jamshedpur - jalandhar,PB02BG9932,51.1855555555,44.7519444444,0.0
jamshedpur - kalambali,CG10R1416,65.6747222222,30.2644444444,0.0
jamshedpur - kalambali,CG07AW2055,0.816666666667,0.0,0.0
jamshedpur - kalambali,WB23D9394,65.5116666667,28.575,0.0
jamshedpur - kalambali,WB23D2156,52.7547222222,43.18,0.0
jamshedpur - kalambali,OD11A6487,54.6263888889,41.2958333333,0.0
jamshedpur - kalamboli tarf waredi,CG10K7953,62.2572222222,33.6888888889,0.0
jamshedpur - kalamnuri,CG10AF0850,51.5327777778,44.4019444444,0.0
jamshedpur - kalyani,WB23B9744,0.150555555556,0.0,0.0
jamshedpur - kanchipuram (tn),NL01N8759,0.0,24.5002777778,70.4994444444
jamshedpur - kanpur,NL02Q0344,42.5022222222,30.3972222222,0.0
jamshedpur - kanpur,JH05AG5016,84.8852777778,11.0522222222,0.0
jamshedpur - kanpur,JH05AY0732,5.44555555555,0.0,0.0
jamshedpur - kanpur,HR38Q8406,72.6319444444,23.3011111111,0.0
jamshedpur - kanpur,JH05U7316,17.6936111111,1.26,0.0
jamshedpur - kanpur,HR55K4254,63.9777777778,31.9541666667,0.0
jamshedpur - kanpur,HR55L4792,3.7025,0.0,0.0
jamshedpur - kanpur,MP07HB5481,12.7008333333,0.0,0.0
jamshedpur - kanpur,NL02K0344,5.76555555555,0.0,0.0
jamshedpur - kanpur,JH02P0799,67.4894444445,1.32083333333,0.0
jamshedpur - kanpur,JH01BS0809,7.59249999999,0.0166666666667,0.0
jamshedpur - kanpur,UP83BT1717,11.1577777778,0.0,0.0
jamshedpur - kanpur,UP78CT7407,3.57722222223,0.0,0.0
jamshedpur - kanpur,UP75AT3548,1.55,0.0,0.0
jamshedpur - kanpur,UP75AT3158,1.26666666667,3.18777777778,0.0
jamshedpur - kanpur,UP75AT2685,1.64888888889,0.0,0.0
jamshedpur - kanpur,UP74B9187,14.8172222222,9.16833333333,0.0
jamshedpur - kanpur,HR55Q3938,1.23277777778,0.0,0.0
jamshedpur - kanpur,NL01G4166,3.62,0.0,0.0
jamshedpur - kanpur,HR55Y0441,0.258333333333,0.0,0.0
jamshedpur - kanpur,JH05AE8882,37.0941666667,10.8788888889,0.0
jamshedpur - kanpur,JH02T6942,80.6755555555,23.54,0.0
jamshedpur - karur,KA01D1705,3.06694444445,0.0,0.0
jamshedpur - karur,TN28P6790,6.42166666667,0.0166666666667,0.0
jamshedpur - karur,TN28P7251,0.933333333333,0.0,0.0
jamshedpur - khalapur,NL01L2870,3.63944444445,6.70611111111,0.0
"jamshedpur - khalapur, raigad",CG04LE7552,4.66611111112,5.96138888889,0.0
jamshedpur - kharagpur,NL02G6929,5.52305555555,0.0,0.0
jamshedpur - khed,NL01N8326,28.8975,0.0,0.0
jamshedpur - khed,NL01N4412,72.8194444445,23.1297222222,0.0
jamshedpur - khed,NL01N4414,0.0,0.548611111112,0.0
jamshedpur - khed,NL01N8325,61.1241666666,34.82,0.0
jamshedpur - khed,NL01L8082,0.0,12.1038888889,83.8622222222
jamshedpur - khed,NL01N8327,50.4422222222,45.4922222222,0.0
jamshedpur - khopoli,CG10W4936,9.13805555556,0.219166666667,0.0
jamshedpur - kicha,OR04P4615,9.64527777778,0.0333333333333,0.0
jamshedpur - kolaghat,JH05AC1618,18.8961111111,0.569722222222,0.0
jamshedpur - kolhapur,CG04JA9244,74.8188888888,21.1005555556,0.0
jamshedpur - kolhar,CG04LH6904,1.57055555556,2.90361111112,0.0
jamshedpur - kolkata,JH05AB7499,95.9158333335,0.0166666666667,0.0
jamshedpur - kolkata,JH05AC1618,45.2833333333,11.5480555556,0.0
jamshedpur - kolkata,NL02K1873,70.6925,16.1833333333,0.0
jamshedpur - kolkata,NL02K5997,37.8197222223,0.0,0.0
jamshedpur - kolkata,NL02L0151,80.8880555555,8.42333333333,0.0
jamshedpur - kolkata,NL02L4616,85.5808333333,10.3558333333,0.0
jamshedpur - kolkata,WB23C4545,4.60555555555,0.15,0.0
jamshedpur - kolkata,JH05AJ5694,10.3808333333,0.0,0.0
jamshedpur - kolkata,OR07U0793,25.8852777778,11.0866666667,0.0
jamshedpur - kolkata,WB33A3943,60.0436111111,9.12611111111,2.78055555556
jamshedpur - kolkata,JH05Z5877,66.4094444444,0.937500000001,0.0
jamshedpur - kolkata,WB41B6794,18.9502777778,3.12138888889,0.0
jamshedpur - kolkata,WB53A1400,13.7186111111,0.979444444444,0.0
jamshedpur - kolkata,NL02L4584,82.055,13.8755555556,0.0
jamshedpur - kolkata,NL02K1069,17.1997222222,0.624722222222,0.0
jamshedpur - kolkata,CG07BD9286,15.2347222222,0.0333333333333,0.0
jamshedpur - kolkata,JH02L2302,43.8258333333,30.2219444444,0.0
jamshedpur - kolkata,NL01G9581,92.6116666667,3.32555555556,0.0
jamshedpur - kolkata,NL01G8341,3.85666666667,0.0166666666667,0.0
jamshedpur - kolkata,NL01D9733,60.9513888888,0.783333333333,0.0
jamshedpur - kolkata,NL01D7833,76.4158333333,19.5197222222,0.0
jamshedpur - kolkata,NL02G9267,0.533055555555,0.0166666666667,0.0
jamshedpur - kolkata,NL01AA4415,84.5922222222,18.8291666667,0.0
jamshedpur - kolkata,NL01N9409,0.0,0.0,0.0
jamshedpur - kolkata,NL02Q0210,17.5966666667,0.0,0.0
jamshedpur - kolkata,WB23A9783,78.1111111111,17.8205555556,0.0
jamshedpur - kolkata,WB23B1661,82.7741666667,12.1972222222,0.0
jamshedpur - kolkata,AP11X0151,92.8258333333,3.11361111111,0.0
jamshedpur - kolkata,NL02G6929,52.6194444445,10.4525,0.0
jamshedpur - kolkata,NL02G9144,94.9424999998,0.983333333333,0.0
jamshedpur - kolkata,WB11B1287,103.100555556,10.9708333333,0.0
jamshedpur - kompally,JH05Q0270,89.2194444444,6.71666666667,0.0
jamshedpur - kompally,BR1GA1395,72.7316666666,23.2147222222,0.0
jamshedpur - kompally,OD04G0311,12.6880555555,0.05,0.0
jamshedpur - kompally,TN30BC5666,1.385,0.0,0.0
jamshedpur - kondapalli,AP37Y3599,37.8819444445,0.195,0.0
jamshedpur - kondapalli,AP07TE2444,45.0563888889,11.8286111111,0.0
jamshedpur - kondapalli,AP05TF1267,11.1313888889,0.0,0.0
jamshedpur - kondapalli,AP04TU2912,5.19611111112,0.0,0.0
jamshedpur - kondapalli,AP02TA9077,18.2961111111,0.3,0.0
jamshedpur - kondapalli,NL01Q6525,41.6919444445,12.5544444444,0.0
jamshedpur - kondapalli,NL01N1829,58.3011111112,0.984444444445,0.0
jamshedpur - kothagudem,AP07TU2322,5.64416666667,0.0,0.0
jamshedpur - kothagudem,OR05AJ1529,66.2344444445,29.6938888889,0.0
jamshedpur - kozhikode,NL02N0562,0.0286111111112,15.4813888889,80.4619444444
jamshedpur - kozhikode,TN52D1721,5.56027777777,0.0333333333333,0.0
jamshedpur - lucknow,RJ11GA8881,22.7752777778,0.0502777777778,0.0
jamshedpur - lucknow,UP86T1987,55.6883333334,22.1377777778,0.0
jamshedpur - lucknow,UP74B9187,56.8102777778,3.50638888889,0.0
jamshedpur - lucknow,HR55J9510,55.6705555556,26.4211111111,0.0
jamshedpur - ludhiana,PB12Y4065,18.2080555556,0.0,0.0
jamshedpur - ludhiana,NL01Q7959,0.0,39.0002777778,55.9986111111
jamshedpur - ludhiana,PB23J8843,12.8002777778,0.0666666666667,0.0
jamshedpur - ludhiana,PB05T9293,71.2241666667,24.3569444444,0.0
jamshedpur - ludhiana,JH12F2573,44.5627777778,17.9311111111,0.0
jamshedpur - madurai,TN28P9059,0.885833333333,0.0,0.0
jamshedpur - mehsana,JH05AG4812,59.7316666667,36.2127777778,0.0
jamshedpur - mehsana,JH02AH7702,83.7202777777,29.8536111111,0.0
jamshedpur - mehsana,JH02AB4982,62.7347222222,29.9441666667,0.0
jamshedpur - morvi,JH02AJ2864,50.6461111112,0.256666666667,0.0
jamshedpur - morvi,NL01N2615,54.1658333334,10.3208333333,0.0
jamshedpur - mumbai,CG10K7753,1.24972222222,0.0,0.0
jamshedpur - mumbai,CG10R0573,61.0172222222,33.8855555555,0.0
jamshedpur - mumbai,MH04DK9075,19.1547222222,0.233333333333,0.0
jamshedpur - mumbai,CG04JD5187,19.1072222222,0.116666666667,0.0
jamshedpur - mumbai,MH04FP0060,30.1466666667,23.9361111111,0.0
jamshedpur - mumbai,CG10R7753,60.6158333333,5.30388888889,0.0
jamshedpur - nagpur,CG04JB5956,4.7975,0.1,0.0
jamshedpur - nagpur,CG04JB2584,18.26,0.503055555556,0.0
jamshedpur - nagpur,JH05AC7399,9.76166666667,0.0,0.0
jamshedpur - nagpur,CG04JB0407,72.1486111111,23.775,0.0
jamshedpur - nagpur,CG04JC5224,3.90333333333,0.0,0.0
jamshedpur - nagpur,CG04JA9392,10.8011111111,0.808055555555,0.0
jamshedpur - nagpur,NL01L8079,95.7975000001,0.133333333333,0.0
jamshedpur - nagpur,CG04JE0440,4.23972222222,0.0,0.0
jamshedpur - nagpur,CG04LQ9127,50.8805555556,11.2094444444,0.0
jamshedpur - nagpur,CG07CA5465,75.2366666666,20.7066666667,0.0
jamshedpur - nagpur,NL02L8729,12.2569444444,0.0,0.0
jamshedpur - nagpur,CG04HU9127,85.5055555555,28.2555555556,0.0
jamshedpur - nagpur,CG04J7718,54.6980555556,28.6888888889,0.0
jamshedpur - nagpur,NL02N8267,3.41611111111,0.0,0.0
jamshedpur - nagpur,CG04JA7346,18.7947222222,7.74083333333,0.0
jamshedpur - nagpur,JH05BN4069,4.75555555556,0.0333333333333,0.0
jamshedpur - nagpur,CG04DM7044,57.395,13.0905555556,0.0
jamshedpur - nagpur,CG04DN3727,2.63333333333,0.0,0.0
jamshedpur - nagpur,NL02N7547,3.25333333333,0.0,0.0
jamshedpur - nagpur,NL02K2444,48.5841666667,21.8516666667,0.0
jamshedpur - nagpur,JH05BA2671,0.302777777778,0.0,0.0
jamshedpur - nagpur,JH05AV2241,22.5102777778,0.866944444444,0.0
jamshedpur - nagpur,CG04G7383,66.2213888889,31.0338888889,0.0
jamshedpur - nagpur,CG04J5724,56.8194444445,10.5147222222,0.0
jamshedpur - nasik,NL01G8717,76.7780555555,19.1572222222,0.0
jamshedpur - navi mumbai,CG07CB0394,71.7333333333,24.2072222222,0.0
jamshedpur - navi mumbai,WB23D9394,1.8525,0.0,0.0
jamshedpur - new delhi,HR38P1987,52.9547222222,42.9841666667,0.0
jamshedpur - new delhi,NL01K2930,68.0055555556,32.405,0.0
jamshedpur - new delhi,HR55N1138,46.8533333333,16.2688888889,0.0
jamshedpur - new delhi,HR55L3730,69.8863888888,26.0397222222,0.0
jamshedpur - new delhi,JH02AN6456,77.3861111111,10.5241666667,0.0
jamshedpur - new delhi,JH01Y9307,6.04194444445,0.0,0.0
jamshedpur - new delhi,HR55H4285,2.97222222222,0.0,0.0
jamshedpur - new delhi,NL01N1072,0.0,0.0,47.5002777778
jamshedpur - new delhi,NL2N3174,37.3008333333,6.0325,0.0
jamshedpur - new delhi,JH12E6580,20.2122222222,2.66944444444,0.0
jamshedpur - new delhi,JH02L7105,3.43694444445,0.0,0.0
jamshedpur - noida,NL02D8253,61.3902777778,16.6125,0.0
jamshedpur - palwal,NL01N4516,0.0,24.7511111111,46.4983333333
jamshedpur - palwal,HR38T0395,64.1208333333,23.2652777778,7.94055555556
jamshedpur - palwal,HR38R1241,46.9338888889,0.233333333333,0.787222222223
jamshedpur - palwal,PB13P4565,19.3694444444,2.2125,0.0
jamshedpur - palwal,JH05U7316,57.2641666667,9.30083333333,0.0
jamshedpur - palwal,NL01N1084,0.0,3.50055555556,43.9997222222
jamshedpur - palwal,NL01N1073,0.0,29.7502777778,65.25
jamshedpur - palwal,RJ27GB0342,35.0713888889,12.905,0.0
jamshedpur - panipat,BR01GG1815,79.1122222222,7.55638888889,0.0
jamshedpur - panjim,KA01C4127,8.20972222223,2.96888888889,0.0
jamshedpur - pantnagar,JH05BF4845,3.15305555556,0.133333333333,0.0
jamshedpur - patna,BR01GF0758,84.8561111111,5.68277777778,0.0
jamshedpur - patna,BR01GE8664,22.1961111112,0.0833333333333,0.0
jamshedpur - patna,BR01GB9264,87.6316666666,8.30472222222,0.0
jamshedpur - patna,JH05AF4451,0.766388888888,0.0,0.0
jamshedpur - patna,JH05AE9521,26.4988888889,5.91722222222,0.0
jamshedpur - patna,NL01G8041,0.866666666667,0.0,0.0
jamshedpur - patna,JH05AJ4516,133.027222222,34.0041666667,0.0
jamshedpur - patna,JH05BJ2043,22.585,0.732777777778,0.0
jamshedpur - patna,JH05BN1264,50.7544444444,14.5597222222,0.0
jamshedpur - patna,JH05AG7716,43.7705555556,15.5363888889,0.0
jamshedpur - pimpalgaon baswant,CG04JD9946,61.9144444444,34.0155555556,0.0
jamshedpur - puna,NL01N1973,80.9325,15.0119444444,0.0
jamshedpur - pune,NL01L7247,84.4602777778,11.4680555556,0.0
jamshedpur - pune,PB29X0811,32.6625000001,0.149444444444,0.0
jamshedpur - pune,CG04LH7587,19.4794444445,0.0,0.0
jamshedpur - pune,MH04CU1975,29.3580555556,4.28444444444,0.0
jamshedpur - pune,NL01L7698,83.2594444445,9.71055555555,2.99083333333
jamshedpur - pune,NL01L7728,80.3916666667,15.5525,0.0
jamshedpur - pune,CG04JD3985,58.0405555555,37.8933333333,0.0
jamshedpur - pune,CG04JA7654,72.7333333333,16.6802777778,0.0
jamshedpur - pune,NL01Q5363,2.12611111111,11.1963888889,0.0
jamshedpur - pune,MH14CP0743,2.58583333333,0.0,0.0
jamshedpur - pune,CG04JC4027,62.0875,33.8536111111,0.0
jamshedpur - pune,PB11CB9412,63.6852777778,32.2505555556,0.0
jamshedpur - pune,CG04JB4088,63.1680555556,32.7783333333,0.0
jamshedpur - pune,NL01N0094,61.9302777778,34.01,0.0
jamshedpur - pune,JH05AC1906,9.77833333333,0.0833333333333,0.0
jamshedpur - pune,NL01L7970,31.5291666667,11.3822222222,0.0
jamshedpur - pune,CG07CA5071,3.835,1.19277777778,0.0
jamshedpur - pune,NL02N3890,35.2705555555,1.95111111111,0.0
jamshedpur - pune,MH04FP0057,58.4458333333,37.4894444444,0.0
jamshedpur - pune,NL01N7091,53.7205555555,42.2105555555,0.0
jamshedpur - pune,NL01N8089,94.9272222223,1.00305555556,0.0
jamshedpur - pune,NL01G6815,3.63638888888,0.0,0.0
jamshedpur - pune,NL01G4477,66.2963888888,29.6422222222,0.0
jamshedpur - pune,WB11C5125,15.3297222222,10.3611111111,0.0
jamshedpur - pune,MH04CP8464,85.9127777777,10.0138888889,0.0
jamshedpur - pune,CG04DN1257,86.4822222224,0.1,0.0
jamshedpur - pune,NL01K3697,52.1669444444,43.7572222222,0.0
jamshedpur - pune,CG04DK1699,83.4355555556,12.4983333333,0.0
jamshedpur - pune,NL01N0092,94.4088888889,1.51666666667,0.0
jamshedpur - pune,CG04DC7556,1.1,0.0,0.0
jamshedpur - pune,MH04GR3279,14.5030555556,2.81694444444,0.0
jamshedpur - pune,NL01K3919,22.1997222222,13.1911111111,0.0
jamshedpur - pune,BR06GA2050,3.39305555556,0.0166666666667,0.0
jamshedpur - pune,CG04DB6519,83.0247222223,0.05,0.0
jamshedpur - pune,NL01L1706,62.4102777778,33.5213888889,0.0
jamshedpur - pune,NL01L2878,58.1283333333,33.5872222222,4.22222222222
jamshedpur - pune,CG08Z9235,88.3527777777,25.2197222222,0.0
jamshedpur - pune,NL02K1295,1.63361111111,0.0,0.0
jamshedpur - pune,OD15D0357,71.3863888889,13.0286111111,0.0
jamshedpur - ragghoopur,CG04FB2582,60.5791666667,24.5361111111,0.0
jamshedpur - raichur,CG04G5311,1.31305555556,3.26888888889,0.0
jamshedpur - raigarh,OR04M5919,5.35611111112,0.0,0.0
jamshedpur - raipur,JH05AF9207,1.18333333333,0.0,0.0
jamshedpur - raipur,CG04G5311,46.4791666667,19.0008333333,0.0
jamshedpur - raipur,CG04DL5950,9.22694444444,0.05,0.0
jamshedpur - raipur,CG04JC7331,10.965,0.0166666666667,0.0
jamshedpur - rania,JH02AP5618,74.2274999999,18.9344444444,2.77555555556
jamshedpur - raniganj,BR1G8570,3.27000000001,0.0666666666667,0.0
jamshedpur - rourkela,OR04K7442,89.8791666666,1.04944444444,0.0
jamshedpur - sambalpur,OR04K5001,11.1911111111,0.0,0.0
jamshedpur - secunderabad,TN88A7337,73.0841666667,37.9544444444,0.0
jamshedpur - secunderabad,OR04M5919,47.9286111111,0.0505555555555,0.0
jamshedpur - secunderabad,OD04G6316,81.5955555556,32.1227777778,0.0
jamshedpur - secunderabad,JH11E9411,13.2097222222,0.0333333333333,0.0
jamshedpur - secunderabad,TN28AQ9349,17.6652777778,0.733611111112,0.0
jamshedpur - secunderabad,TN28AJ6288,51.9527777778,42.5358333333,0.0
jamshedpur - secunderabad,OD11H9307,19.3252777778,13.3647222222,0.0
jamshedpur - secunderabad,OR05AJ8119,4.895,0.0169444444445,0.0
jamshedpur - secunderabad,OR07Z7432,64.4838888889,31.4497222222,0.0
jamshedpur - secunderabad,JH10M8599,4.20555555556,0.0666666666667,0.0
jamshedpur - secunderabad,BR1GA1470,5.35555555555,0.0,0.0
jamshedpur - secunderabad,BR01GA3096,46.3555555556,6.45555555555,0.0
jamshedpur - secunderabad,OR05AF6019,55.7477777778,11.515,0.0
jamshedpur - secunderabad,JH05AA1218,37.4291666667,5.73472222222,0.0
jamshedpur - secunderabad,OD04A6132,62.1416666667,33.8025,0.0
jamshedpur - secunderabad,AP24TA6318,0.995277777778,0.0,0.0
jamshedpur - secunderabad,OR05AJ7111,48.0544444444,13.7230555556,0.0
jamshedpur - siliguri,JH04L9762,2.95305555555,0.0,0.0
jamshedpur - siliguri,JH05AL3481,23.7863888889,0.183333333333,0.0
jamshedpur - siliguri,CG04JB2717,70.1944444444,15.2047222222,0.0
jamshedpur - sriperumbudur,JH05AJ1828,51.2255555556,39.9033333333,0.0
jamshedpur - sriperumbudur,NL01L0749,62.3894444444,29.0666666667,0.0
jamshedpur - sriperumbudur,NL02G2122,66.7933333333,29.1622222222,0.0
jamshedpur - sriperumbudur,NL01N9497,55.5411111111,14.0752777778,0.0
jamshedpur - sriperumbudur,NL01N8761,79.8361111111,10.8,5.3275
jamshedpur - surat,CG04LH7387,58.3666666667,22.4563888889,0.0
"jamshedpur - tal-khed, pune",NL01K0959,8.72250000001,1.68111111111,0.0
"jamshedpur - tal-khed, pune",NL01L8200,95.9375,0.0,0.0
"jamshedpur - tal-khed, pune",NL01N0095,0.371111111112,5.19472222223,0.0
"jamshedpur - taluka mandal, distt. ahmedaba",JH02AS8403,0.241944444445,0.0,0.0
jamshedpur - teh & distt. palwal,HR38R1605,74.0958333334,16.9019444444,4.96055555556
jamshedpur - teh & distt. palwal,HR38Q8438,8.01027777778,18.6997222222,0.0
jamshedpur - teh & distt. palwal,HR38Q6385,64.1505555555,20.5405555556,4.13388888889
jamshedpur - teh & distt. palwal,NL01N4151,0.0,0.999722222222,22.7497222222
jamshedpur - teh & distt. palwal,NL01N3871,0.0,6.00111111111,41.4991666667
jamshedpur - teh & distt. palwal,NL01N1079,0.0,35.7508333333,59.2491666667
jamshedpur - thanjavur,TN67F8688,3.36361111112,0.0,0.0
jamshedpur - thiruninravur,NL01L7017,51.3566666667,38.8058333333,5.78222222222
jamshedpur - udhamsingh nagar,UP22T8665,23.5008333333,9.20638888889,0.0
jamshedpur - udhamsingh nagar,HR55K8607,22.2575,18.9738888889,0.0
jamshedpur - udhamsingh nagar,HR55F1120,8.22777777777,11.3569444444,0.0
jamshedpur - vadodara,OR05T1257,5.45611111112,0.0166666666667,0.0
jamshedpur - vapi,BR04F8061,68.8547222222,0.0833333333333,0.0
jamshedpur - vapi,CG04LQ9260,94.9552777779,0.986666666667,0.0
jamshedpur - veerappanur,TN48K3744,1.54972222222,0.0,0.0
jamshedpur - vijayawada,AP16TC1357,8.38666666666,0.0166666666667,0.0
jamshedpur - vijayawada,AP27TT2439,57.1227777777,11.7619444444,0.0
jamshedpur - vijayawada,AP27Y8757,43.4261111111,2.6025,0.0
jamshedpur - vijayawada,AP29TC0678,0.416388888888,0.0,0.0
jamshedpur - vijayawada,AP29U3222,85.2211111111,10.7119444445,0.0
jamshedpur - vijayawada,NL01Q6526,18.4094444444,0.15,0.0
jamshedpur - vijayawada,AP16TY5778,15.2091666667,0.0333333333333,0.0
jamshedpur - vijayawada,TN52E3058,6.66277777778,0.0166666666667,0.0
jamshedpur - vijayawada,AP16TA7539,18.9572222222,0.47,0.0
jamshedpur - vijayawada,AP16TC2309,0.0166666666667,0.0,0.0
jamshedpur - vijayawada,AP16TA2619,4.05611111112,0.0166666666667,0.0
jamshedpur - vijayawada,AP07TG1224,6.45583333333,0.0,0.0
jamshedpur - vijayawada,AP16TC1779,85.4725,32.7108333333,0.0
jamshedpur - vijayawada,AP16TX0979,40.2344444444,26.57,0.0
jamshedpur - vijayawada,AP16TF3179,15.4325,0.0166666666667,0.0
jamshedpur - vijayawada,NL01Q6522,24.1811111111,27.4752777778,0.0
jamshedpur - vijayawada,NL01D2763,61.6975000001,1.18833333333,0.0
jamshedpur - vijayawada,AP16TY0439,60.6361111111,35.2902777778,0.0
jamshedpur - vijayawada,AP16TH1175,1.51638888889,0.0,0.0
jamshedpur - vijayawada,AP16TF9259,3.23833333333,0.0,0.0
jamshedpur - vijayawada,NL01Q6523,18.1736111111,0.436111111111,0.0
jamshedpur - vijayawada,AP16TW3434,53.7383333333,30.8291666667,0.0
jamshedpur - vijayawada,AP16TW7189,37.2855555556,24.4091666667,0.0
jamshedpur - vijayawada,AP16TW7696,89.2958333333,24.0230555556,0.0
jamshedpur - vijayawada,AP16TB6449,19.2155555555,0.0,0.0
jamshedpur - vijayawada,AP16TH1829,63.0322222223,8.91055555556,0.0
jamshedpur - vijayawada,AP16TE7027,40.0905555556,30.8330555556,0.0
jamshedpur - visakhapatnam,AP05TA4145,0.933055555556,0.0,0.0
jamshedpur - visakhapatnam,NL01N3871,0.0,0.75,46.7494444444
jamshedpur - visakhapatnam,NL01Q6779,0.0,35.2608333333,59.74
jamshedpur - visakhapatnam,AP37X4255,43.4647222222,11.6405555555,0.0
jamshedpur - visakhapatnam,OR14M2513,70.735,25.1983333333,0.0
jamshedpur - visakhapatnam,AP05W1539,1.63305555555,0.0,0.0
jamshedpur - visakhapatnam,AP05TT7565,10.85,8.05833333333,0.0
jamshedpur - visakhapatnam,AP16TB7289,74.7144444444,21.2180555556,0.0
jamshedpur - visakhapatnam,WB25D9673,4.83944444445,0.0,0.0
jamshedpur - vishakhapatnam,AP05TD5599,10.5813888889,1.42194444445,0.0
jamshedpur - vishakhapatnam,AP16TB7559,55.2972222222,36.8405555555,0.0
jharkhand - jaipur,NL01N1336,0.0,5.24972222222,65.9997222221
jharkhand - jaipur,NL01N1072,0.0,1.0,46.4994444443
jharkhand - jaipur,NL01N1084,0.0,7.99972222222,39.4997222222
jharkhand - new delhi,NL01N4153,0.0,30.0027777778,64.9966666667
jharkhand - new delhi,RJ27GB0342,37.9055555556,10.06,0.0
joda - nagpur,OD09G0541,53.0502777778,26.845,0.0
palwal - htpl- fariadabad,HR38V6058,10.5975,0.633055555556,0.225833333333
palwal - khuskhera,HR38W6614,17.6352777778,2.08666666667,4.27277777778
pune - jamshedpur,JH05AK6293,17.8366666667,0.0,0.0
raigarh - bhiwandi,WB23C7803,17.6427777778,10.7344444444,0.0
rourkela - ahmedabad,GJ03BV8878,22.9244444445,31.8569444444,0.0
rourkela - ahmedabad,RJ23GB3800,1.06694444445,0.0166666666667,0.0
rourkela - ahmedabad,GJ10TV5099,16.0052777778,3.66694444444,0.0
rourkela - bhiwandi,CG04DX0645,45.8488888889,13.8794444444,0.0
rourkela - faridabad,RJ14GH4730,10.3288888889,2.68472222222,0.0
rourkela - visakhapatnam,PB10FF4291,46.6252777778,21.695,0.0
rourkela - visakhapatnam,PB10EX9191,50.2091666667,22.1377777778,0.0
rourkela - visakhapatnam,PB29X4366,5.08305555556,0.0825,0.332222222222
rourkela - visakhapatnam,AP31TB8338,27.8997222222,16.0280555556,0.0
rourkela - visakhapatnam,AP31TH2527,1.12166666667,1.26194444444,0.0
rourkela - visakhapatnam,AP31TH5599,28.7452777778,15.7144444444,0.0
vasind - ahmedabad,SIMGJ04X6226,0.0,0.0,0.0
vasind - ahmedabad,SIMGJ04X6232,0.0,0.0,0.0
vasind - ahmedabad,SIMGJ14W1604,0.0,0.0,0.0
vasind - ahmedabad,SIMGJ4X6225,0.0,0.0,0.0
vasind - ahmedabad,SIMGJ04X5892,0.0,0.0,0.0
vasind - ahmedabad,GJ04AT9571,89.0397222222,18.8955555556,0.0
vasind - ahmedabad,GJ04X6226,62.7583333333,12.6391666667,0.0
vasind - ahmedabad,GJ14W1604,7.91166666667,2.30472222222,0.0
vasind - ahmedabad,RJ19GB9228,75.3980555556,16.7372222222,0.0
vasind - ahmedabad,GJ04E6672,9.78500000001,0.269166666667,0.0
vasind - ahmedabad,SIMGJ04AT9571,0.0,0.0,0.0
vasind - bengaluru,NL01N1408,90.2063888889,12.1836111111,0.0
vasind - bhuj,MH04GR564,84.1716666667,7.09944444445,0.0
vasind - coimbatore,NL01N6335,70.4336111111,31.3169444444,0.0
vasind - coimbatore,SIMNL01N6335,0.0,0.0,0.0
vasind - jaipur,RJ19JD7559,86.2033333333,17.9238888889,0.0
vasind - jaipur,SIMRJ19GE5744,0.0,0.0,0.0
vasind - jaipur,RJ19GF2999,8.13416666666,7.09944444445,0.0
vasind - jaipur,RJ19GE9707,58.0936111111,13.5802777778,0.0
vasind - jaipur,SIMRJ19GE9707,0.0,0.0,0.0
vasind - jaipur,SIMRJ19GE4999,0.0,0.0,0.0
vasind - jaipur,RJ19GE3365,11.9711111111,2.48972222222,0.0
vasind - jaipur,RJ19GD5679,61.8658333333,28.7869444444,0.0
vasind - jaipur,SIMRJ19JD7559,0.0,0.0,0.0
vasind - jaipur,SIMRJ19GD5679,0.0,0.0,0.0
vasind - jaipur,RJ19GE5744,52.9205555556,42.8875,0.0
vasind - jalgaon,MH20BT3959,17.4094444444,2.77166666666,0.0
vasind - manipal,KA32C4372,71.8394444445,16.2641666667,0.0
vasind - manipal,SIMKA32C4372,0.0,0.0,0.0
vasind - mehsana,RJ19GE8518,65.8894444444,30.0402777778,0.0
vasind - mehsana,SIMRJ19GE8518,0.0,0.0,0.0
vasind - mumbai,MH04P6212,86.9983333333,8.94138888889,0.0
vasind - mumbai,MH43F2618,91.0822222223,4.84472222222,0.0
vasind - mumbai,MH04BG8096,57.0183333333,3.55361111111,0.0
vasind - mumbai,SIMMH43U4405,0.0,0.0,0.0
vasind - mumbai,MH43U4405,90.7147222222,5.22083333333,0.0
vasind - mumbai,MH04FU9399,91.4958333333,4.27333333333,0.0
vasind - mumbai,SIMMH04FU9399,0.0,0.0,0.0
vasind - mumbai,SIMMH04P6212,0.0,0.0,0.0
vasind - pune,MH05AM2015,75.6744444445,20.1872222222,0.0
vasind - pune,MH05AM3175,78.7822222222,17.0822222222,0.0
vasind - pune,MH05DK0362,77.7091666667,23.6377777778,0.0
vasind - pune,SIMMH06BD0272,0.0,0.0,0.0
vasind - pune,SIMMH05DK0362,0.0,0.0,0.0
vasind - pune,SIMMH05AM3175,0.0,0.0,0.0
vasind - pune,SIMMH46AR2060,0.0,0.0,0.0
vasind - pune,MH46AR2060,36.3555555556,3.51666666667,0.0
vasind - pune,MH06BD0272,87.3283333334,8.48083333333,0.0
vasind - rajkot,SIMMH04GR6528,0.0,0.0,0.0
vasind - rajkot,MH04GR6528,5.97916666666,0.0830555555556,0.0
vasind - ranjangaon,MH46H1378,84.2847222222,11.6513888889,0.0
vasind - ranjangaon,SIMMH46H1378,0.0,0.0,0.0
vasind - taloja,MH04FJ9919,91.361111111,4.51888888889,0.0
vasind - tiruchirappalli,SIMTN52L3157,0.0,0.0,0.0
vasind - tiruchirappalli,TN52L3157,6.00805555557,0.150555555555,0.0
vasind - vada,MH43U2620,87.3725,8.57305555556,0.0
